Draw Date|Ball 1|Ball 2|Ball 3|Ball 4|Ball 5|Lucky 1|Lucky 2|Jackpot
Friday 31st Dec 2004|7|8|24|25|47|8|9|7074000
Friday 24th Dec 2004|3|4|27|29|37|5|6|7037000
Friday 17th Dec 2004|15|19|22|46|49|2|9|17973434
Friday 10th Dec 2004|1|3|13|16|43|2|7|12388642
Friday 3rd Dec 2004|1|11|15|42|49|3|4|6945000
Friday 26th Nov 2004|1|4|24|34|36|6|8|30738943
Friday 19th Nov 2004|1|18|29|34|37|2|6|23523322
Friday 12th Nov 2004|4|11|12|13|32|3|9|17364782
Friday 5th Nov 2004|6|19|25|42|49|1|7|12066841
Friday 29th Oct 2004|1|8|32|35|38|4|9|6967000
Friday 22nd Oct 2004|1|9|23|25|40|3|9|17398554
Friday 15th Oct 2004|14|21|22|37|43|5|8|11885938
Friday 8th Oct 2004|1|10|12|16|48|2|6|6950000
Friday 1st Oct 2004|12|20|21|45|48|5|6|20656084
Friday 24th Sep 2004|21|26|27|44|48|1|7|17853153
Friday 17th Sep 2004|15|18|29|39|41|5|8|15652287
Friday 10th Sep 2004|5|25|33|36|38|2|5|13705824
Friday 3rd Sep 2004|8|12|14|15|34|6|7|11745718
Friday 27th Aug 2004|1|11|22|28|44|1|9|9880576
Friday 20th Aug 2004|6|9|10|27|35|6|8|8372421
Friday 13th Aug 2004|20|27|41|43|50|5|8|6740000
Friday 6th Aug 2004|5|15|24|35|44|5|6|16568021
Friday 30th Jul 2004|9|10|19|37|50|1|6|14603161
Friday 23rd Jul 2004|7|10|27|31|34|3|8|12787495
Friday 16th Jul 2004|24|26|31|38|50|5|8|11275186
Friday 9th Jul 2004|2|5|12|19|44|8|9|9720341
Friday 2nd Jul 2004|4|23|24|28|34|1|3|8214347
Friday 25th Jun 2004|3|21|30|34|35|1|2|6685000
Friday 18th Jun 2004|2|23|28|40|43|2|6|8140055
Friday 11th Jun 2004|2|7|8|10|47|1|7|6580000
Friday 4th Jun 2004|9|13|34|41|42|3|7|8735476
Friday 28th May 2004|6|11|35|41|44|5|6|6712000
Friday 21st May 2004|15|29|37|39|49|4|9|6712000
Friday 14th May 2004|1|3|21|32|39|2|6|22849563
Friday 7th May 2004|15|16|21|36|38|1|5|19983000
Friday 30th Apr 2004|5|6|16|23|27|6|7|16887500
Friday 23rd Apr 2004|6|10|21|45|49|3|5|13390000
Friday 16th Apr 2004|14|15|28|35|40|1|3|10027500
Friday 9th Apr 2004|1|4|10|19|23|2|8|16752144.80
Friday 2nd Apr 2004|4|12|24|27|36|2|9|15183435
Friday 26th Mar 2004|3|4|10|23|43|2|4|13451480
Friday 19th Mar 2004|33|36|37|42|45|4|9|11696661
Friday 12th Mar 2004|15|24|28|44|47|4|5|10171500
Friday 5th Mar 2004|4|7|33|37|39|1|5|13870849
Friday 27th Feb 2004|14|18|19|31|37|4|5|11880304
Friday 20th Feb 2004|7|13|39|47|50|2|5|10111500
Friday 13th Feb 2004|16|29|32|36|41|7|9|10143000
Friday 30th Dec 2005|8|16|19|43|45|1|4|53342474
Friday 23rd Dec 2005|15|31|36|37|42|1|7|45483082
Friday 16th Dec 2005|2|3|15|18|32|6|7|38305717
Friday 9th Dec 2005|11|18|35|38|42|1|5|30453067
Friday 2nd Dec 2005|1|9|20|23|30|4|7|23443437
Friday 25th Nov 2005|1|6|27|39|47|1|6|16846594
Friday 18th Nov 2005|17|18|25|34|48|2|3|10312500
Friday 11th Nov 2005|15|16|36|41|42|3|5|30453995
Friday 4th Nov 2005|26|36|37|38|42|2|6|23432048
Friday 28th Oct 2005|14|36|44|47|50|3|5|16727964
Friday 21st Oct 2005|1|14|19|29|33|1|8|10143000
Friday 14th Oct 2005|10|11|19|20|23|1|6|10215000
Friday 7th Oct 2005|2|13|21|26|44|3|9|10335000
Friday 30th Sep 2005|6|11|47|48|50|1|6|17020072
Friday 23rd Sep 2005|1|26|31|34|47|4|9|10200000
Friday 16th Sep 2005|12|13|19|21|38|3|9|51513123
Friday 9th Sep 2005|8|12|19|31|50|6|7|44899448
Friday 2nd Sep 2005|3|4|14|43|50|3|6|39270421
Friday 26th Aug 2005|9|29|35|40|41|1|6|31534575
Friday 19th Aug 2005|11|24|29|31|41|1|3|24045393
Friday 12th Aug 2005|15|23|30|37|40|7|9|17327035
Friday 5th Aug 2005|2|11|21|22|30|4|6|10443000
Friday 29th Jul 2005|3|19|26|49|50|4|5|79881799
Friday 22nd Jul 2005|3|14|41|48|49|1|4|67927336
Friday 15th Jul 2005|1|11|12|23|42|3|6|57176654
Friday 8th Jul 2005|35|36|42|46|49|2|8|48784765
Friday 1st Jul 2005|4|5|23|25|28|3|4|40827016
Friday 24th Jun 2005|6|8|14|15|45|7|8|34370581
Friday 17th Jun 2005|4|8|10|18|21|1|7|28094862
Friday 10th Jun 2005|6|7|32|37|47|1|7|21734699
Friday 3rd Jun 2005|3|8|11|17|50|1|5|15902687
Friday 27th May 2005|2|24|31|48|50|4|9|10402500
Friday 20th May 2005|6|7|13|28|47|5|8|29611179
Friday 13th May 2005|12|17|31|32|40|2|9|22628469
Friday 6th May 2005|7|12|21|26|44|6|8|15917412
Friday 29th Apr 2005|3|9|35|39|42|1|8|10155000
Friday 22nd Apr 2005|3|10|13|24|47|5|9|16256571
Friday 15th Apr 2005|6|28|31|38|42|3|9|10278000
Friday 8th Apr 2005|7|11|25|31|50|1|3|43951166
Friday 1st Apr 2005|25|26|41|44|47|3|7|36934606
Friday 25th Mar 2005|4|29|33|37|38|6|9|31323139
Friday 18th Mar 2005|6|23|39|43|48|5|7|24623504
Friday 11th Mar 2005|8|12|23|40|43|1|4|18499838
Friday 4th Mar 2005|12|24|32|37|39|7|9|12348100
Friday 25th Feb 2005|3|27|30|43|44|4|8|6907000
Friday 18th Feb 2005|20|21|26|32|46|8|9|6903000
Friday 11th Feb 2005|11|13|25|32|50|4|7|23978705
Friday 4th Feb 2005|1|8|11|30|40|7|8|17823072
Friday 28th Jan 2005|7|21|26|43|45|5|7|12275202
Friday 21st Jan 2005|10|12|14|24|26|5|8|6970000
Friday 14th Jan 2005|6|11|14|19|29|1|3|18296178
Friday 7th Jan 2005|3|23|27|47|50|2|3|12408063
Friday 29th Dec 2006|6|9|13|14|35|3|4|45347820
Friday 22nd Dec 2006|9|11|20|38|43|2|3|35802728
Friday 15th Dec 2006|9|23|35|37|42|3|7|26717930
Friday 8th Dec 2006|16|17|18|36|47|1|2|18316018
Friday 1st Dec 2006|4|8|16|37|41|2|5|10155000
Friday 24th Nov 2006|5|8|17|25|40|1|5|10123500
Friday 17th Nov 2006|12|22|32|33|36|2|6|123232395
Friday 10th Nov 2006|14|21|27|30|36|2|3|103732783
Friday 3rd Nov 2006|11|13|24|44|49|3|9|88344099
Friday 27th Oct 2006|3|4|8|44|50|7|8|76340225
Friday 20th Oct 2006|10|19|34|45|47|3|6|65142684
Friday 13th Oct 2006|2|25|32|38|41|3|5|56070560
Friday 6th Oct 2006|5|11|22|35|38|7|8|46854371
Friday 29th Sep 2006|1|3|6|18|24|5|8|40239985
Friday 22nd Sep 2006|10|29|30|45|49|3|8|31939763
Friday 15th Sep 2006|6|10|16|26|49|7|9|24337182
Friday 8th Sep 2006|1|10|12|32|33|1|8|17240142
Friday 1st Sep 2006|3|7|25|45|50|6|9|10155000
Friday 25th Aug 2006|10|28|40|47|48|6|8|39013160
Friday 18th Aug 2006|12|37|39|40|50|1|2|31392520
Friday 11th Aug 2006|27|28|31|46|47|2|5|23807666
Friday 4th Aug 2006|1|14|15|26|32|3|7|16954778
Friday 28th Jul 2006|3|8|12|29|43|6|7|10326000
Friday 21st Jul 2006|2|4|9|38|50|6|8|17191693
Friday 14th Jul 2006|1|7|17|31|36|2|8|10374000
Friday 7th Jul 2006|7|9|18|35|43|5|7|47618994
Friday 30th Jun 2006|6|15|16|40|43|1|2|40812950
Friday 23rd Jun 2006|9|21|30|43|44|1|9|32403049
Friday 16th Jun 2006|1|16|26|30|36|3|9|24499898
Friday 9th Jun 2006|3|12|15|34|39|4|6|17366509
Friday 2nd Jun 2006|7|8|27|41|48|1|6|10335000
Friday 26th May 2006|2|12|21|41|49|3|7|10326000
Friday 19th May 2006|3|5|25|34|49|5|8|10137000
Friday 12th May 2006|5|20|23|34|50|1|5|17589298
Friday 5th May 2006|4|8|14|16|50|3|9|10320000
Friday 28th Apr 2006|5|10|17|22|33|5|7|17970266
Friday 21st Apr 2006|1|20|22|37|46|1|9|10440000
Friday 14th Apr 2006|16|26|34|35|49|2|6|17804197.80
Friday 7th Apr 2006|12|13|29|44|50|4|5|10485000
Friday 31st Mar 2006|3|20|31|45|50|6|7|53102939
Friday 24th Mar 2006|17|28|33|35|47|4|9|45191782
Friday 17th Mar 2006|5|32|44|45|50|1|7|36196725
Friday 10th Mar 2006|1|21|33|45|49|4|8|26351576
Friday 3rd Mar 2006|3|5|8|10|44|3|5|18470476
Friday 24th Feb 2006|1|11|18|19|47|3|7|10255500
Friday 17th Feb 2006|4|23|24|26|38|2|4|19180108
Friday 10th Feb 2006|5|6|38|48|50|6|7|10296000
Friday 3rd Feb 2006|9|21|30|39|50|1|3|42019877
Friday 27th Jan 2006|9|15|21|40|49|1|4|105412292
Friday 20th Jan 2006|12|15|33|44|50|2|6|87820908
Friday 13th Jan 2006|8|12|19|33|34|1|6|73898698
Friday 6th Jan 2006|2|6|9|14|26|4|5|61801800
Friday 28th Dec 2007|20|21|22|31|45|7|9|11092500
Friday 21st Dec 2007|7|9|28|37|44|6|7|20144622
Friday 14th Dec 2007|8|25|30|36|44|3|4|10795500
Friday 7th Dec 2007|2|4|32|43|48|1|7|19829479
Friday 30th Nov 2007|12|19|20|30|38|7|9|10713000
Friday 23rd Nov 2007|2|10|22|29|48|3|9|19779134
Friday 16th Nov 2007|9|18|23|33|37|1|8|10744500
Friday 9th Nov 2007|5|14|22|25|36|5|6|10567500
Friday 2nd Nov 2007|3|16|18|19|40|1|2|28675991
Friday 26th Oct 2007|7|20|38|40|43|1|8|19424115
Friday 19th Oct 2007|7|18|34|35|40|7|8|10515000
Friday 12th Oct 2007|21|32|36|46|47|3|4|10500000
Friday 5th Oct 2007|11|20|27|35|44|2|5|10425000
Friday 28th Sep 2007|22|30|34|35|44|4|5|89986000
Friday 21st Sep 2007|1|17|32|35|37|1|8|19075668
Friday 14th Sep 2007|5|9|11|29|33|7|9|10407000
Friday 7th Sep 2007|2|3|33|34|42|3|5|10222500
Friday 31st Aug 2007|6|18|22|23|37|5|6|26533767.50
Friday 24th Aug 2007|1|3|16|42|48|2|3|18180933
Friday 17th Aug 2007|2|3|13|38|42|7|8|10245000
Friday 10th Aug 2007|23|40|42|43|49|2|6|35425411.80
Friday 3rd Aug 2007|10|30|33|37|41|1|8|26567438
Friday 27th Jul 2007|1|4|21|29|41|7|8|18065039
Friday 20th Jul 2007|10|21|25|26|50|4|9|10129500
Friday 13th Jul 2007|9|13|15|31|48|3|6|38751123
Friday 6th Jul 2007|4|5|19|39|41|8|9|27130830
Friday 29th Jun 2007|8|12|28|33|45|1|3|18141468
Friday 22nd Jun 2007|11|16|17|22|34|5|6|10143000
Friday 15th Jun 2007|5|7|14|21|40|3|8|18315755
Friday 8th Jun 2007|1|15|17|25|45|2|8|10227000
Friday 1st Jun 2007|6|22|37|41|42|6|9|10213500
Friday 25th May 2007|25|26|29|49|50|7|8|10198500
Friday 18th May 2007|26|34|37|39|49|2|6|10300500
Friday 11th May 2007|7|12|26|29|49|2|6|36553818
Friday 4th May 2007|6|17|35|41|45|1|5|27129600
Friday 27th Apr 2007|7|18|27|36|44|1|2|18412118
Friday 20th Apr 2007|23|26|32|41|45|3|7|10222500
Friday 13th Apr 2007|7|20|25|38|41|3|7|10255500
Friday 6th Apr 2007|15|23|29|41|48|3|6|18409444
Friday 30th Mar 2007|9|17|19|41|46|1|8|10222500
Friday 23rd Mar 2007|5|13|17|40|43|1|3|27883920
Friday 16th Mar 2007|4|14|31|45|49|4|9|19068212
Friday 9th Mar 2007|2|3|25|43|48|6|9|10222500
Friday 2nd Mar 2007|3|16|34|38|48|5|8|28815322
Friday 23rd Feb 2007|2|15|18|20|22|2|5|19003239
Friday 16th Feb 2007|8|19|20|39|50|6|9|10147500
Friday 9th Feb 2007|14|16|30|36|46|2|8|66980000
Friday 2nd Feb 2007|14|23|27|30|36|1|6|17980945
Friday 26th Jan 2007|11|15|23|30|38|4|9|9925500
Friday 19th Jan 2007|5|13|27|33|42|2|4|9892500
Friday 12th Jan 2007|8|11|14|19|25|3|5|9931500
Friday 5th Jan 2007|17|19|29|36|45|5|6|53017330
Friday 26th Dec 2008|1|2|26|44|50|1|7|25725186
Friday 19th Dec 2008|28|29|40|46|50|5|7|14019000
Friday 12th Dec 2008|2|19|28|42|49|2|7|13447500
Friday 5th Dec 2008|4|8|21|35|45|5|8|12993000
Friday 28th Nov 2008|8|11|16|25|41|2|4|23209583
Friday 21st Nov 2008|9|14|21|49|50|3|8|12733500
Friday 14th Nov 2008|8|10|14|21|26|3|4|12916500
Friday 7th Nov 2008|1|9|12|17|18|3|4|12232500
Friday 31st Oct 2008|3|18|25|34|41|2|5|34072303
Friday 24th Oct 2008|7|15|16|17|45|6|9|22430836
Friday 17th Oct 2008|3|10|12|42|50|1|5|11643000
Friday 10th Oct 2008|4|15|22|31|41|1|6|22911461
Friday 3rd Oct 2008|4|13|19|23|38|2|3|11697000
Friday 26th Sep 2008|14|29|31|33|37|1|2|102804000
Friday 19th Sep 2008|14|16|19|20|31|6|9|11848500
Friday 12th Sep 2008|19|23|33|37|50|3|7|11902500
Friday 5th Sep 2008|7|12|16|17|39|3|8|96494237
Friday 29th Aug 2008|2|20|25|37|39|5|8|73535143
Friday 22nd Aug 2008|7|27|29|39|50|5|7|56497830
Friday 15th Aug 2008|11|17|18|26|31|5|6|42652554
Friday 8th Aug 2008|4|5|15|16|45|4|7|31572685
Friday 1st Aug 2008|1|22|25|40|50|1|8|21278542
Friday 25th Jul 2008|7|11|15|24|29|2|7|11836500
Friday 18th Jul 2008|10|14|16|29|44|5|6|11904000
Friday 11th Jul 2008|9|11|13|19|37|3|4|12022500
Friday 4th Jul 2008|7|19|22|27|48|5|7|11887500
Friday 27th Jun 2008|5|20|26|44|50|5|7|46162270
Friday 20th Jun 2008|8|11|36|37|45|3|5|34282210
Friday 13th Jun 2008|13|16|37|44|50|1|9|23643210
Friday 6th Jun 2008|7|19|21|40|50|2|9|12021000
Friday 30th May 2008|5|7|14|20|49|2|8|11785550
Friday 23rd May 2008|5|9|19|21|38|1|7|11959500
Friday 16th May 2008|6|9|15|25|38|4|9|44376310
Friday 9th May 2008|8|9|40|42|45|6|7|32235833
Friday 2nd May 2008|2|26|37|45|48|4|8|21330632
Friday 25th Apr 2008|4|19|26|27|30|3|8|11808000
Friday 18th Apr 2008|3|6|7|27|50|5|9|46291408
Friday 11th Apr 2008|6|25|30|45|50|5|7|34029801
Friday 4th Apr 2008|11|13|18|37|47|1|6|22132109
Friday 28th Mar 2008|5|9|17|29|39|3|6|11893500
Friday 21st Mar 2008|2|10|18|22|36|4|6|11700000
Friday 14th Mar 2008|13|21|25|35|48|4|8|21956568
Friday 7th Mar 2008|2|7|14|17|35|1|6|11449500
Friday 29th Feb 2008|12|37|40|47|49|2|9|11482500
Friday 22nd Feb 2008|4|27|32|46|50|8|9|21828987
Friday 15th Feb 2008|12|27|29|45|46|4|7|11254500
Friday 8th Feb 2008|17|28|30|38|44|1|4|96525000
Friday 1st Feb 2008|22|30|45|47|49|4|9|11314500
Friday 25th Jan 2008|2|6|9|19|45|7|8|56838131
Friday 18th Jan 2008|14|16|23|40|46|4|8|43043848
Friday 11th Jan 2008|8|24|36|49|50|4|8|30830593
Friday 4th Jan 2008|10|12|24|25|41|3|5|20174823
Friday 25th Dec 2009|4|5|14|17|34|3|5|13590000
Friday 18th Dec 2009|14|30|32|35|49|3|8|52883496
Friday 11th Dec 2009|20|41|43|44|46|2|9|39585642
Friday 4th Dec 2009|18|19|25|30|44|1|3|26301056
Friday 27th Nov 2009|5|8|13|15|33|8|9|13660500
Friday 20th Nov 2009|5|9|28|43|47|2|9|13536000
Friday 13th Nov 2009|13|15|25|26|32|3|4|14839480
Friday 6th Nov 2009|11|19|34|43|45|5|9|91141671
Friday 30th Oct 2009|9|33|35|38|40|2|6|71278155
Friday 23rd Oct 2009|6|18|20|29|31|2|8|55868893
Friday 16th Oct 2009|12|23|30|31|47|3|4|40391228
Friday 9th Oct 2009|7|11|29|46|50|4|7|27066647
Friday 2nd Oct 2009|22|23|24|29|44|1|5|13764000
Friday 25th Sep 2009|6|17|18|21|34|3|9|13830000
Friday 18th Sep 2009|6|16|30|38|41|2|4|90740000
Friday 11th Sep 2009|12|15|35|42|43|4|6|37805108
Friday 4th Sep 2009|6|9|20|38|39|3|9|24942782
Friday 28th Aug 2009|8|36|37|41|49|5|7|13219500
Friday 21st Aug 2009|4|7|16|31|42|3|5|65462542
Friday 14th Aug 2009|5|8|24|30|49|3|9|49372566
Friday 7th Aug 2009|10|20|22|24|31|2|7|35727239
Friday 31st Jul 2009|5|9|20|21|26|3|6|23957846
Friday 24th Jul 2009|14|15|25|35|47|5|9|13008000
Friday 17th Jul 2009|2|8|17|32|50|3|7|49802092
Friday 10th Jul 2009|6|16|20|42|46|1|6|36399342
Friday 3rd Jul 2009|21|29|34|46|47|6|8|24056336
Friday 26th Jun 2009|6|11|21|30|39|2|8|12787500
Friday 19th Jun 2009|4|16|17|20|29|5|7|12853500
Friday 12th Jun 2009|6|14|16|34|50|4|6|49902538.80
Friday 5th Jun 2009|11|19|26|35|40|2|5|37574774
Friday 29th May 2009|2|5|30|37|47|3|6|24953014
Friday 22nd May 2009|4|13|14|33|43|1|6|13254000
Friday 15th May 2009|8|18|19|20|42|5|9|13402500
Friday 8th May 2009|4|23|24|29|31|8|9|113229891
Friday 1st May 2009|5|19|31|38|47|3|5|88364737
Friday 24th Apr 2009|4|14|21|24|41|5|8|69762491
Friday 17th Apr 2009|4|7|21|44|47|1|5|51694404
Friday 10th Apr 2009|9|14|16|37|46|2|4|38126495
Friday 3rd Apr 2009|2|20|24|32|46|1|9|25879558
Friday 27th Mar 2009|25|33|36|38|42|6|7|14082000
Friday 20th Mar 2009|12|16|23|31|35|4|6|28047380
Friday 13th Mar 2009|12|24|26|36|42|1|4|14858473
Friday 6th Mar 2009|13|17|19|25|35|5|6|90120000
Friday 27th Feb 2009|5|9|37|44|45|6|9|38191683
Friday 20th Feb 2009|9|12|13|14|48|1|2|25094625
Friday 13th Feb 2009|22|33|36|40|42|1|2|13461000
Friday 6th Feb 2009|10|20|30|36|40|3|5|13126500
Friday 30th Jan 2009|4|29|34|35|46|5|8|25509888
Friday 23rd Jan 2009|32|33|36|40|49|2|8|14193000
Friday 16th Jan 2009|3|17|22|49|50|3|6|13554000
Friday 9th Jan 2009|7|15|22|28|48|1|4|50993587
Friday 2nd Jan 2009|29|30|36|37|48|1|6|38731512
Friday 31st Dec 2010|2|24|34|38|43|1|7|13178614
Friday 24th Dec 2010|19|36|38|42|46|2|8|25
Friday 17th Dec 2010|3|20|29|35|42|3|8|37234742
Friday 10th Dec 2010|2|3|10|33|46|7|8|24100215
Friday 3rd Dec 2010|8|19|28|32|46|4|7|12748500
Friday 26th Nov 2010|9|28|36|41|49|5|7|38556253
Friday 19th Nov 2010|12|15|32|36|45|7|9|25874272
Friday 12th Nov 2010|7|19|23|29|47|1|6|10
Friday 5th Nov 2010|21|23|33|40|50|4|5|25300621
Friday 29th Oct 2010|16|20|22|32|42|8|9|13024500
Friday 22nd Oct 2010|4|5|9|11|39|3|5|26231924
Friday 15th Oct 2010|2|31|36|38|43|3|7|13152000
Friday 8th Oct 2010|9|30|35|39|46|6|8|113019926
Friday 1st Oct 2010|1|4|6|27|48|1|6|87100000
Friday 24th Sep 2010|1|4|16|40|48|1|9|24470942
Friday 17th Sep 2010|17|27|29|38|50|1|3|12558000
Friday 10th Sep 2010|17|21|35|41|45|1|5|12454500
Friday 3rd Sep 2010|13|24|26|47|49|4|8|12543000
Friday 27th Aug 2010|1|6|13|30|49|1|9|12346500
Friday 20th Aug 2010|5|27|31|40|42|1|6|12202500
Friday 13th Aug 2010|4|9|15|21|47|2|7|12280500
Friday 6th Aug 2010|13|25|28|29|42|4|5|12502500
Friday 30th Jul 2010|3|4|11|28|39|2|8|23414853
Friday 23rd Jul 2010|4|13|35|37|46|3|9|12592500
Friday 16th Jul 2010|38|39|45|46|49|7|8|35767540
Friday 9th Jul 2010|9|24|37|39|49|3|9|23591586
Friday 2nd Jul 2010|12|13|36|41|46|1|8|12424500
Friday 25th Jun 2010|1|8|18|28|31|8|9|23090988
Friday 18th Jun 2010|2|29|31|32|38|1|4|12540000
Friday 11th Jun 2010|2|22|24|36|44|1|2|12408000
Friday 4th Jun 2010|4|17|34|40|42|4|9|12442500
Friday 28th May 2010|4|9|31|32|33|3|7|12693000
Friday 21st May 2010|7|19|30|38|50|4|7|13072500
Friday 14th May 2010|1|17|31|43|47|2|3|84451320.60
Friday 7th May 2010|3|6|15|21|32|7|9|67967555
Friday 30th Apr 2010|6|22|24|25|36|3|8|52603784
Friday 23rd Apr 2010|3|7|8|43|46|6|8|38064784
Friday 16th Apr 2010|9|11|17|26|40|3|9|25378348
Friday 9th Apr 2010|7|21|23|24|44|3|4|13177500
Friday 2nd Apr 2010|12|18|24|26|45|4|5|13339500
Friday 26th Mar 2010|8|16|18|37|43|2|6|39754555
Friday 19th Mar 2010|10|28|30|38|39|2|7|26412247
Friday 12th Mar 2010|1|26|33|36|46|6|7|13633500
Friday 5th Mar 2010|12|18|19|43|49|3|9|41706216
Friday 26th Feb 2010|7|11|18|29|42|6|7|26963008
Friday 19th Feb 2010|12|31|37|38|43|2|3|13222500
Friday 12th Feb 2010|1|5|18|38|45|4|6|112016226.40
Friday 5th Feb 2010|34|35|38|39|46|3|4|87570000
Friday 29th Jan 2010|9|17|30|39|43|5|7|25403095
Friday 22nd Jan 2010|4|22|27|36|44|7|9|13197000
Friday 15th Jan 2010|11|26|29|49|50|4|7|52302248.40
Friday 8th Jan 2010|4|5|14|44|46|8|9|38666984
Friday 1st Jan 2010|9|22|24|27|36|5|7|25315385
Friday 30th Dec 2011|16|36|43|44|50|7|8|43303615
Tuesday 27th Dec 2011|19|21|25|26|44|3|7|31879970
Friday 23rd Dec 2011|7|21|22|24|28|1|11|25
Tuesday 20th Dec 2011|1|9|12|14|48|1|7|12549000
Friday 16th Dec 2011|2|5|10|23|31|2|5|39175449
Tuesday 13th Dec 2011|7|12|18|33|37|1|11|28908882
Friday 9th Dec 2011|12|21|29|44|47|1|2|22918879
Tuesday 6th Dec 2011|19|20|21|34|38|3|9|12904500
Friday 2nd Dec 2011|7|27|30|40|43|8|9|23341756
Tuesday 29th Nov 2011|11|25|41|45|50|2|7|12825000
Friday 25th Nov 2011|14|19|26|28|34|5|8|18
Tuesday 22nd Nov 2011|16|18|24|38|40|2|4|18941023
Friday 18th Nov 2011|4|12|24|39|44|2|4|12850500
Tuesday 15th Nov 2011|6|17|22|45|47|3|11|12817500
Friday 11th Nov 2011|1|4|18|23|30|3|7|58162735
Tuesday 8th Nov 2011|1|4|15|29|40|1|5|46793457
Friday 4th Nov 2011|11|14|41|43|50|2|9|39862087
Tuesday 1st Nov 2011|14|20|23|45|46|1|11|28991611
Friday 28th Oct 2011|16|17|20|39|50|4|8|23734845
Tuesday 25th Oct 2011|12|22|27|28|39|4|10|13059000
Friday 21st Oct 2011|2|19|33|37|46|5|8|41682027.60
Tuesday 18th Oct 2011|18|23|37|46|48|2|10|30927684
Friday 14th Oct 2011|12|23|29|32|47|3|5|24130874
Tuesday 11th Oct 2011|1|4|12|16|48|9|10|13152000
Friday 7th Oct 2011|18|26|34|38|42|5|8|101203600.70
Tuesday 4th Oct 2011|14|16|23|38|45|8|11|86290000
Friday 30th Sep 2011|5|15|28|31|44|1|6|41738266
Tuesday 27th Sep 2011|18|27|28|35|40|3|5|30913743
Friday 23rd Sep 2011|6|14|33|34|48|2|6|23961854
Tuesday 20th Sep 2011|9|19|25|36|38|7|11|13039500
Friday 16th Sep 2011|2|8|17|39|42|3|10|13108500
Tuesday 13th Sep 2011|9|28|30|32|49|9|10|140822522
Friday 9th Sep 2011|5|21|28|31|34|1|2|126867263
Tuesday 6th Sep 2011|35|42|47|48|50|8|9|111920466
Friday 2nd Sep 2011|12|26|37|38|44|4|7|101404135
Tuesday 30th Aug 2011|2|8|10|19|46|5|9|87376837
Friday 26th Aug 2011|12|22|25|33|45|5|7|78976312
Tuesday 23rd Aug 2011|4|6|14|42|50|2|4|65488523
Friday 19th Aug 2011|6|14|16|28|31|2|11|58085462
Tuesday 16th Aug 2011|1|13|17|18|45|3|8|47058914
Friday 12th Aug 2011|7|10|20|27|37|4|7|40675287
Tuesday 9th Aug 2011|7|23|24|34|36|8|11|30055771
Friday 5th Aug 2011|13|14|18|32|34|1|10|23440309
Tuesday 2nd Aug 2011|5|8|14|24|33|3|8|13080000
Friday 29th Jul 2011|12|19|27|37|38|5|10|23933989
Tuesday 26th Jul 2011|1|5|22|25|48|3|11|13272000
Friday 22nd Jul 2011|4|15|23|49|50|2|6|13225500
Tuesday 19th Jul 2011|3|16|25|26|35|5|9|20319793
Friday 15th Jul 2011|6|26|33|34|39|3|4|13173000
Tuesday 12th Jul 2011|17|19|38|42|45|9|10|161653000
Friday 8th Jul 2011|12|13|23|40|49|7|10|164761000
Tuesday 5th Jul 2011|11|28|29|47|49|1|5|159008879
Friday 1st Jul 2011|8|11|23|31|46|8|9|141820902
Tuesday 28th Jun 2011|15|16|30|44|50|2|3|120687895
Friday 24th Jun 2011|5|16|20|30|41|6|11|107428374
Tuesday 21st Jun 2011|17|20|35|49|50|3|4|91693456
Friday 17th Jun 2011|11|16|21|22|44|3|8|82001875
Tuesday 14th Jun 2011|5|12|19|41|48|8|10|68132630
Friday 10th Jun 2011|3|19|20|37|48|8|11|60872491
Tuesday 7th Jun 2011|6|25|36|38|40|4|10|15
Friday 3rd Jun 2011|4|39|40|49|50|2|5|41359053
Tuesday 31st May 2011|1|9|10|22|50|5|11|29730067
Friday 27th May 2011|9|17|25|28|49|8|9|23752200
Tuesday 24th May 2011|16|23|24|26|29|2|9|13102500
Friday 20th May 2011|10|14|20|25|42|8|11|24115451
Tuesday 17th May 2011|20|21|37|45|46|2|3|13143000
Friday 13th May 2011|9|11|17|36|47|1|2|105892179
Tuesday 10th May 2011|3|10|15|28|45|5|7|88200000
Friday 6th May 2011|11|16|20|22|28|4|9|25227296
Friday 29th Apr 2011|15|25|38|40|41|1|2|13335000
Friday 22nd Apr 2011|11|22|36|45|48|1|4|38301216
Friday 15th Apr 2011|4|6|21|39|41|2|6|25974202
Friday 8th Apr 2011|21|23|38|47|50|2|6|13275000
Friday 1st Apr 2011|4|17|21|22|33|4|8|13269000
Friday 25th Mar 2011|6|12|21|27|33|3|7|121722017
Friday 18th Mar 2011|1|13|20|26|50|6|7|94101577
Friday 11th Mar 2011|17|19|24|37|46|2|7|71628834
Friday 4th Mar 2011|11|25|27|28|41|5|8|53278317
Friday 25th Feb 2011|12|13|42|45|48|3|9|37687076
Friday 18th Feb 2011|2|3|15|45|49|5|9|24146665
Friday 11th Feb 2011|12|14|15|19|23|7|8|12714000
Friday 4th Feb 2011|2|11|24|35|47|5|9|24368199
Friday 28th Jan 2011|13|23|24|41|42|1|5|12940500
Friday 21st Jan 2011|3|11|13|18|21|4|5|24708723
Friday 14th Jan 2011|2|14|24|39|44|6|7|12657000
Friday 7th Jan 2011|1|22|32|48|50|6|7|12487500
Friday 28th Dec 2012|17|24|26|27|49|3|5|21875652
Tuesday 25th Dec 2012|14|18|20|23|32|3|10|25
Friday 21st Dec 2012|3|5|22|40|42|3|10|83087699
Tuesday 18th Dec 2012|14|18|20|35|44|2|5|70070413
Friday 14th Dec 2012|10|11|29|40|43|3|11|62293153
Tuesday 11th Dec 2012|1|4|9|43|50|6|8|51106703
Friday 7th Dec 2012|10|16|18|31|42|2|5|44054164
Tuesday 4th Dec 2012|5|10|28|29|44|2|4|34505412
Friday 30th Nov 2012|10|18|23|24|40|3|4|27864810
Tuesday 27th Nov 2012|6|10|23|44|49|1|7|18165905
Friday 23rd Nov 2012|1|9|11|20|40|1|5|12147000
Tuesday 20th Nov 2012|28|30|42|45|49|5|10|18330737
Friday 16th Nov 2012|10|15|19|23|41|2|9|12039000
Tuesday 13th Nov 2012|11|16|21|24|29|2|6|136124363
Friday 9th Nov 2012|14|21|22|28|47|4|5|122416477
Tuesday 6th Nov 2012|7|20|25|35|41|1|9|106443387
Friday 2nd Nov 2012|3|6|10|11|44|3|4|95574746
Tuesday 30th Oct 2012|23|24|25|31|44|2|3|82777654
Friday 26th Oct 2012|5|6|9|27|38|5|11|73585548
Tuesday 23rd Oct 2012|1|28|35|38|50|2|10|62668378
Friday 19th Oct 2012|16|29|37|40|44|8|10|55297557
Tuesday 16th Oct 2012|10|32|40|41|49|2|8|44407071
Friday 12th Oct 2012|6|7|17|35|43|2|8|37648529
Tuesday 9th Oct 2012|2|8|10|23|25|8|9|27768213
Friday 5th Oct 2012|9|16|18|19|21|2|3|21701658
Tuesday 2nd Oct 2012|4|16|21|36|42|7|8|12015000
Friday 28th Sep 2012|20|23|26|30|33|6|9|79750000
Tuesday 25th Sep 2012|7|25|27|48|49|1|4|27120727
Friday 21st Sep 2012|4|19|34|41|43|7|11|21218945
Tuesday 18th Sep 2012|6|7|38|39|44|7|9|12058500
Friday 14th Sep 2012|3|10|23|27|44|7|9|21511885
Tuesday 11th Sep 2012|6|15|22|37|44|2|4|12016500
Friday 7th Sep 2012|13|15|30|35|42|4|6|37827314.60
Tuesday 4th Sep 2012|11|17|18|39|44|5|10|27605924
Friday 31st Aug 2012|16|28|31|33|48|7|11|21380703
Tuesday 28th Aug 2012|1|18|25|26|44|4|5|11914500
Friday 24th Aug 2012|5|6|12|19|37|3|7|37709047
Tuesday 21st Aug 2012|4|5|17|38|48|3|4|27638401
Friday 17th Aug 2012|19|25|28|33|44|2|8|21173767
Tuesday 14th Aug 2012|1|16|38|42|45|9|10|11805000
Friday 10th Aug 2012|11|17|21|48|50|9|10|148656000
Tuesday 7th Aug 2012|20|27|34|46|50|2|3|151012000
Friday 3rd Aug 2012|24|34|35|42|46|1|5|142677285
Tuesday 31st Jul 2012|4|29|35|36|39|8|9|123419567
Friday 27th Jul 2012|14|15|21|23|48|2|10|100
Tuesday 24th Jul 2012|4|16|18|25|44|1|11|87418315
Friday 20th Jul 2012|10|19|23|45|49|9|10|79035843
Tuesday 17th Jul 2012|2|7|24|43|46|8|10|67543388
Friday 13th Jul 2012|8|18|25|35|46|4|9|60323858
Tuesday 10th Jul 2012|1|3|16|24|37|1|8|48445181
Friday 6th Jul 2012|31|32|38|40|42|1|3|42076911
Tuesday 3rd Jul 2012|2|7|22|27|40|3|6|32812559
Friday 29th Jun 2012|14|17|28|29|39|1|11|26900432
Tuesday 26th Jun 2012|1|11|20|22|35|8|10|17516871
Friday 22nd Jun 2012|14|18|19|43|49|3|7|12117000
Tuesday 19th Jun 2012|7|17|20|35|50|5|11|12109500
Friday 15th Jun 2012|10|22|27|38|48|3|7|21629100
Tuesday 12th Jun 2012|8|15|26|30|48|9|10|12043500
Friday 8th Jun 2012|5|11|22|34|40|9|11|127675087.20
Tuesday 5th Jun 2012|13|34|37|47|49|8|9|109315762
Friday 1st Jun 2012|2|4|14|26|36|9|10|97123444
Tuesday 29th May 2012|8|15|17|25|28|3|11|80806756
Friday 25th May 2012|12|22|35|46|49|2|8|71823678
Tuesday 22nd May 2012|16|31|32|37|41|1|7|60290704
Friday 18th May 2012|13|29|43|47|50|9|11|18
Tuesday 15th May 2012|2|11|13|26|50|2|5|41232245
Friday 11th May 2012|1|13|17|38|44|2|11|35495169
Tuesday 8th May 2012|3|21|34|38|48|5|8|26250991
Friday 4th May 2012|3|26|39|40|41|1|2|21084008
Tuesday 1st May 2012|4|5|15|19|41|9|11|12258000
Friday 27th Apr 2012|20|27|30|36|43|1|6|36231900
Tuesday 24th Apr 2012|8|9|24|43|48|3|5|26895374
Friday 20th Apr 2012|3|6|29|32|41|10|11|21345735
Tuesday 17th Apr 2012|10|28|33|48|49|1|10|12369000
Friday 13th Apr 2012|8|13|26|39|43|3|5|44408417
Tuesday 10th Apr 2012|22|25|27|36|37|5|9|32603075
Friday 6th Apr 2012|11|20|30|35|45|2|3|27033455
Tuesday 3rd Apr 2012|1|8|18|25|30|9|10|18087550
Friday 30th Mar 2012|4|17|23|36|46|6|10|12522000
Tuesday 27th Mar 2012|24|27|29|34|36|7|8|12555000
Friday 23rd Mar 2012|9|15|23|31|50|8|11|21827112
Tuesday 20th Mar 2012|15|16|28|30|46|3|4|12508500
Friday 16th Mar 2012|3|4|12|23|50|4|7|38034639.70
Tuesday 13th Mar 2012|1|10|25|43|47|8|9|28201173
Friday 9th Mar 2012|3|32|36|39|47|6|9|22200501
Tuesday 6th Mar 2012|23|24|27|37|47|2|6|12000000
Friday 2nd Mar 2012|5|6|11|30|44|2|6|22198232.50
Tuesday 28th Feb 2012|1|10|17|33|48|2|3|12720000
Friday 24th Feb 2012|3|7|12|26|34|8|10|46432285.20
Tuesday 21st Feb 2012|11|14|24|25|29|7|11|35110192.42
Friday 17th Feb 2012|4|11|28|38|47|10|11|28527269
Tuesday 14th Feb 2012|14|27|36|42|46|8|11|18731949
Friday 10th Feb 2012|3|8|14|31|41|7|11|12565500
Tuesday 7th Feb 2012|3|15|17|28|33|2|4|45160171.50
Friday 3rd Feb 2012|16|19|20|25|28|1|10|38388399
Tuesday 31st Jan 2012|9|34|38|43|45|2|4|28074424
Friday 27th Jan 2012|10|13|19|39|44|2|6|22380458
Tuesday 24th Jan 2012|1|2|6|20|36|8|11|12000000
Friday 20th Jan 2012|2|10|22|27|28|6|8|40627241
Tuesday 17th Jan 2012|12|22|30|31|44|5|6|30343120
Friday 13th Jan 2012|13|14|21|27|39|6|8|24189679
Tuesday 10th Jan 2012|4|9|10|30|40|2|9|12394500
Friday 6th Jan 2012|1|6|10|12|31|2|7|60355246
Tuesday 3rd Jan 2012|3|30|42|45|49|5|10|50010872
Tuesday 31st Dec 2013|13|20|24|29|45|3|7|25
Friday 27th Dec 2013|1|6|13|22|28|5|10|72089654
Tuesday 24th Dec 2013|5|19|31|43|50|2|6|62469261
Friday 20th Dec 2013|12|13|17|22|43|3|10|53875274
Tuesday 17th Dec 2013|6|8|27|37|41|7|10|44362413
Friday 13th Dec 2013|1|22|23|24|31|6|11|37664283
Tuesday 10th Dec 2013|6|24|35|49|50|1|7|26551498
Friday 6th Dec 2013|1|2|18|31|36|7|10|20874773
Tuesday 3rd Dec 2013|6|13|15|29|32|2|9|12445500
Friday 29th Nov 2013|2|7|10|23|43|4|7|12429000
Tuesday 26th Nov 2013|19|23|27|42|44|3|5|26863588.20
Friday 22nd Nov 2013|13|25|26|40|50|8|9|21186645
Tuesday 19th Nov 2013|14|15|19|36|45|1|10|12606000
Friday 15th Nov 2013|3|13|15|29|42|1|4|83830000
Tuesday 12th Nov 2013|14|29|37|40|48|2|11|12682500
Friday 8th Nov 2013|20|28|35|42|43|8|10|12510000
Tuesday 5th Nov 2013|6|12|13|35|38|2|3|18107223.80
Friday 1st Nov 2013|7|19|29|30|33|3|8|12709500
Tuesday 29th Oct 2013|9|10|30|32|37|2|6|12856500
Friday 25th Oct 2013|2|3|10|31|38|6|10|27080608
Tuesday 22nd Oct 2013|29|33|39|41|44|9|11|18308847
Friday 18th Oct 2013|5|25|36|46|47|2|6|12711000
Tuesday 15th Oct 2013|18|27|39|43|47|4|7|43086063
Friday 11th Oct 2013|6|12|17|23|43|5|9|36840020
Tuesday 8th Oct 2013|23|24|26|33|42|3|5|27440665
Friday 4th Oct 2013|6|20|24|35|50|5|10|21498731
Tuesday 1st Oct 2013|19|23|25|44|48|8|9|12544500
Friday 27th Sep 2013|11|15|38|41|43|2|6|55193986
Tuesday 24th Sep 2013|10|20|26|28|43|9|11|45405876
Friday 20th Sep 2013|5|11|35|38|45|2|3|38960567
Tuesday 17th Sep 2013|13|17|21|42|44|9|11|29412765
Friday 13th Sep 2013|4|6|14|27|33|5|10|23253808
Tuesday 10th Sep 2013|7|11|14|28|30|2|10|12666000
Friday 6th Sep 2013|11|23|25|32|37|4|7|21603767
Tuesday 3rd Sep 2013|5|9|16|18|42|7|9|12709500
Friday 30th Aug 2013|2|17|25|36|45|5|9|21885637
Tuesday 27th Aug 2013|7|30|38|40|43|2|6|12931500
Friday 23rd Aug 2013|1|6|26|30|37|5|8|80738985
Tuesday 20th Aug 2013|5|11|42|49|50|8|11|68593880
Friday 16th Aug 2013|20|24|27|37|39|5|10|60621367
Tuesday 13th Aug 2013|5|17|20|47|50|1|4|51018937
Friday 9th Aug 2013|4|7|9|23|24|8|9|44134518
Tuesday 6th Aug 2013|16|17|31|47|49|3|11|34673271
Friday 2nd Aug 2013|21|36|37|42|48|4|7|28309281
Tuesday 30th Jul 2013|3|4|11|14|43|1|6|19184610
Friday 26th Jul 2013|12|23|29|38|49|3|4|100
Tuesday 23rd Jul 2013|14|15|16|19|44|4|5|12907500
Friday 19th Jul 2013|13|16|24|26|35|2|5|12925500
Tuesday 16th Jul 2013|19|23|34|47|50|4|6|19201363
Friday 12th Jul 2013|18|26|32|33|42|2|3|12987000
Tuesday 9th Jul 2013|16|18|31|38|49|4|10|28847237
Friday 5th Jul 2013|4|12|15|28|33|1|10|22417687
Tuesday 2nd Jul 2013|11|13|14|28|30|4|5|12844500
Friday 28th Jun 2013|1|15|28|35|47|1|7|12843000
Tuesday 25th Jun 2013|4|5|13|27|35|1|2|159559034
Friday 21st Jun 2013|10|11|30|36|45|1|2|143627629
Tuesday 18th Jun 2013|17|24|33|41|44|1|11|125775679
Friday 14th Jun 2013|10|25|41|47|48|6|10|111780731
Tuesday 11th Jun 2013|5|7|9|25|41|1|5|96181290
Friday 7th Jun 2013|7|14|26|45|50|2|7|85130000
Tuesday 4th Jun 2013|31|33|34|37|40|1|6|19080295
Friday 31st May 2013|27|28|29|34|43|5|10|12841500
Tuesday 28th May 2013|8|13|26|34|38|3|11|81381673.30
Friday 24th May 2013|7|17|22|27|40|2|3|73074352
Tuesday 21st May 2013|7|8|19|28|29|5|9|61122965
Friday 17th May 2013|6|20|24|25|50|9|10|53520165
Tuesday 14th May 2013|7|8|24|27|36|5|11|43382876
Friday 10th May 2013|1|32|35|45|48|4|11|36503084
Tuesday 7th May 2013|13|27|28|42|43|4|6|27337587
Friday 3rd May 2013|3|5|34|40|49|2|3|21355336
Tuesday 30th Apr 2013|13|36|40|43|50|5|9|12727500
Friday 26th Apr 2013|11|16|24|38|40|2|5|27335676
Tuesday 23rd Apr 2013|1|4|7|10|50|4|11|18557707
Friday 19th Apr 2013|1|8|42|46|48|4|7|12874500
Tuesday 16th Apr 2013|1|11|22|33|50|4|6|12879000
Friday 12th Apr 2013|5|10|15|28|45|3|9|22422511
Tuesday 9th Apr 2013|15|35|38|44|48|5|10|12825000
Friday 5th Apr 2013|1|11|17|32|39|2|7|22536828
Tuesday 2nd Apr 2013|12|17|25|29|41|1|4|12741000
Friday 29th Mar 2013|13|30|43|44|46|5|9|112017541
Tuesday 26th Mar 2013|4|26|30|42|44|6|11|96302211
Friday 22nd Mar 2013|12|27|32|34|49|8|9|85330000
Tuesday 19th Mar 2013|19|32|35|37|44|1|9|18770152
Friday 15th Mar 2013|4|14|21|24|39|3|10|12997500
Tuesday 12th Mar 2013|2|4|10|22|50|5|8|13135500
Friday 8th Mar 2013|3|20|23|28|42|8|11|45058160
Tuesday 5th Mar 2013|8|19|31|33|39|2|7|34631815
Friday 1st Mar 2013|1|11|29|36|42|4|5|28372232
Tuesday 26th Feb 2013|3|12|13|17|30|2|6|18874481
Friday 22nd Feb 2013|15|16|28|36|37|2|11|12981000
Tuesday 19th Feb 2013|12|15|28|30|44|8|9|52357563
Friday 15th Feb 2013|2|4|22|28|42|4|9|44855571
Tuesday 12th Feb 2013|5|11|16|25|28|7|9|34628142
Friday 8th Feb 2013|9|11|14|34|44|10|11|27886637
Tuesday 5th Feb 2013|6|25|31|40|45|6|7|19070109
Friday 1st Feb 2013|5|21|34|37|38|1|6|13063500
Tuesday 29th Jan 2013|9|16|26|36|39|2|6|12862500
Friday 25th Jan 2013|3|10|18|31|37|2|4|37772357
Tuesday 22nd Jan 2013|1|10|44|45|48|1|4|27777897
Friday 18th Jan 2013|4|26|27|30|39|3|10|21672986
Tuesday 15th Jan 2013|22|38|40|42|47|1|11|12441000
Friday 11th Jan 2013|4|22|29|37|41|4|7|28307149
Tuesday 8th Jan 2013|2|20|22|26|47|5|9|18341712
Friday 4th Jan 2013|4|10|22|27|41|8|10|12216000
Tuesday 1st Jan 2013|2|7|8|36|49|1|11|25
Tuesday 30th Dec 2014|6|18|39|44|50|8|11|11727000
Friday 26th Dec 2014|17|26|27|45|49|2|3|10
Tuesday 23rd Dec 2014|8|9|19|25|49|2|10|11787000
Friday 19th Dec 2014|23|29|31|39|44|5|8|11737500
Tuesday 16th Dec 2014|3|7|12|13|25|5|8|31462687
Friday 12th Dec 2014|2|15|28|31|37|4|6|25517469
Tuesday 9th Dec 2014|1|3|31|42|46|4|11|17246777
Friday 5th Dec 2014|5|8|37|47|48|2|3|11851500
Tuesday 2nd Dec 2014|3|15|25|44|49|1|9|57837341
Friday 28th Nov 2014|6|10|15|23|41|4|10|10
Tuesday 25th Nov 2014|3|7|25|32|36|1|6|40715869
Friday 21st Nov 2014|4|7|28|32|37|5|10|34100271
Tuesday 18th Nov 2014|2|3|17|36|38|4|11|26007143
Friday 14th Nov 2014|17|32|36|38|48|5|8|20235047
Tuesday 11th Nov 2014|2|14|21|36|46|7|11|11766000
Friday 7th Nov 2014|13|25|32|38|46|1|10|25871872.60
Tuesday 4th Nov 2014|1|6|13|17|26|3|5|17438916
Friday 31st Oct 2014|10|13|20|33|41|3|9|25
Tuesday 28th Oct 2014|10|15|17|40|45|1|2|11848500
Friday 24th Oct 2014|3|9|20|30|42|1|6|149758000
Tuesday 21st Oct 2014|20|21|27|33|40|3|10|143641614
Friday 17th Oct 2014|1|13|40|48|49|8|10|130128674
Tuesday 14th Oct 2014|4|5|15|23|32|3|7|114362313
Friday 10th Oct 2014|6|29|42|45|47|9|10|101812996
Tuesday 7th Oct 2014|9|21|28|30|38|1|8|88304909
Friday 3rd Oct 2014|4|13|23|48|50|5|10|78370000
Tuesday 30th Sep 2014|3|13|15|33|42|5|7|25668301
Friday 26th Sep 2014|13|27|35|46|47|1|2|20137574
Tuesday 23rd Sep 2014|12|13|14|29|35|1|7|11770500
Friday 19th Sep 2014|6|8|34|38|48|3|9|68362889
Tuesday 16th Sep 2014|4|29|30|35|50|2|4|59479470
Friday 12th Sep 2014|9|13|26|31|33|7|11|52772468
Tuesday 9th Sep 2014|8|15|19|24|35|8|10|44245873
Friday 5th Sep 2014|1|18|23|46|50|3|9|37783420
Tuesday 2nd Sep 2014|5|25|31|39|45|1|8|29994082
Friday 29th Aug 2014|2|9|26|32|38|3|6|24464842
Tuesday 26th Aug 2014|10|22|36|45|48|4|11|16991311
Friday 22nd Aug 2014|4|17|29|35|49|1|2|12000000
Tuesday 19th Aug 2014|4|7|11|34|47|7|8|43584628
Friday 15th Aug 2014|4|5|21|23|30|8|10|37718167
Tuesday 12th Aug 2014|7|16|19|22|33|2|5|30079457
Friday 8th Aug 2014|21|29|35|43|46|1|9|24759542
Tuesday 5th Aug 2014|5|7|19|21|42|5|11|17029645
Friday 1st Aug 2014|24|44|46|48|50|5|10|11977500
Tuesday 29th Jul 2014|10|23|35|40|43|3|9|29815964
Friday 25th Jul 2014|9|10|12|24|43|5|9|24470875
Tuesday 22nd Jul 2014|1|24|43|45|50|5|8|16916606
Friday 18th Jul 2014|1|11|29|41|43|3|11|11878500
Tuesday 15th Jul 2014|15|18|20|27|34|1|3|53758144
Friday 11th Jul 2014|5|22|35|38|49|4|7|47789038
Tuesday 8th Jul 2014|8|18|22|24|27|4|11|39193498
Friday 4th Jul 2014|4|18|39|43|47|2|6|33347512
Tuesday 1st Jul 2014|18|22|25|27|39|5|10|25344616
Friday 27th Jun 2014|31|33|34|39|45|2|10|19914711
Tuesday 24th Jun 2014|1|7|20|21|48|4|7|12021000
Friday 20th Jun 2014|5|15|25|38|49|1|2|19964918
Tuesday 17th Jun 2014|11|13|37|40|48|8|9|11983500
Friday 13th Jun 2014|16|18|22|28|46|9|11|109589905
Tuesday 10th Jun 2014|12|18|21|32|33|1|11|95933457
Friday 6th Jun 2014|7|25|34|40|49|9|11|86858395
Tuesday 3rd Jun 2014|2|15|32|39|44|5|10|72437363
Friday 30th May 2014|5|24|27|41|45|6|7|64246871
Tuesday 27th May 2014|7|13|16|25|26|1|6|54445724
Friday 23rd May 2014|3|8|31|34|47|9|11|48094706
Tuesday 20th May 2014|5|33|36|38|47|4|9|39669453
Friday 16th May 2014|23|26|29|37|40|3|4|33974182
Tuesday 13th May 2014|4|13|30|34|47|2|6|25746571
Friday 9th May 2014|3|21|26|28|45|7|10|20214823
Tuesday 6th May 2014|5|19|24|31|37|1|9|12321000
Friday 2nd May 2014|4|30|31|38|42|2|11|73205659.50
Tuesday 29th Apr 2014|18|23|26|35|44|3|11|62955401
Friday 25th Apr 2014|13|21|24|44|49|1|9|56005506
Tuesday 22nd Apr 2014|13|15|20|24|46|1|8|46672601
Friday 18th Apr 2014|21|24|31|39|47|3|7|40962533
Tuesday 15th Apr 2014|3|14|26|47|50|7|11|32625427
Friday 11th Apr 2014|8|12|19|30|33|4|11|10
Tuesday 8th Apr 2014|11|18|29|42|49|4|11|17853605
Friday 4th Apr 2014|6|10|28|45|50|10|11|12415500
Tuesday 1st Apr 2014|16|18|26|38|44|8|10|12457500
Friday 28th Mar 2014|3|4|19|28|43|3|7|20942416
Tuesday 25th Mar 2014|7|20|26|28|50|2|8|12549000
Friday 21st Mar 2014|7|30|37|39|42|5|7|21325022
Tuesday 18th Mar 2014|8|27|34|36|39|5|10|12603000
Friday 14th Mar 2014|6|24|25|27|30|5|9|107932603.20
Tuesday 11th Mar 2014|1|4|23|33|44|7|8|93707468
Friday 7th Mar 2014|5|10|38|40|41|1|8|82990000
Tuesday 4th Mar 2014|3|5|22|27|44|1|6|12375000
Friday 28th Feb 2014|12|32|38|43|44|2|7|35072863
Tuesday 25th Feb 2014|21|25|28|35|42|4|6|26289565
Friday 21st Feb 2014|13|17|28|30|32|5|7|20630644
Tuesday 18th Feb 2014|23|26|36|37|49|6|7|12378000
Friday 14th Feb 2014|2|4|6|19|39|2|7|20927566
Tuesday 11th Feb 2014|8|17|25|41|47|1|2|12445500
Friday 7th Feb 2014|3|17|19|46|47|9|10|21037161
Tuesday 4th Feb 2014|1|21|33|37|38|4|8|12433500
Friday 31st Jan 2014|8|10|15|16|31|8|9|59249234
Tuesday 28th Jan 2014|18|20|23|42|48|2|9|49446896
Friday 24th Jan 2014|5|19|34|35|41|1|5|43002299
Tuesday 21st Jan 2014|4|12|35|42|48|5|8|33466125
Friday 17th Jan 2014|19|26|32|33|42|4|10|27266155
Tuesday 14th Jan 2014|18|20|25|26|37|10|11|18577883
Friday 10th Jan 2014|1|2|11|27|29|1|10|12453000
Tuesday 7th Jan 2014|2|20|27|33|45|6|10|108247799
Friday 3rd Jan 2014|3|27|31|38|44|3|8|96289141
Tuesday 29th Dec 2015|5|20|31|32|36|6|7|23871796
Friday 25th Dec 2015|3|10|25|27|40|3|9|5
Tuesday 22nd Dec 2015|18|19|20|40|41|7|10|5
Friday 18th Dec 2015|6|22|26|29|48|5|6|60657149
Tuesday 15th Dec 2015|8|11|23|27|35|4|11|51599368
Friday 11th Dec 2015|3|5|21|40|43|6|11|45271012
Tuesday 8th Dec 2015|12|17|29|38|48|9|11|37358158
Friday 4th Dec 2015|8|17|18|27|39|1|7|31893763
Tuesday 1st Dec 2015|2|15|25|35|45|8|10|23663957
Friday 27th Nov 2015|16|29|30|37|50|6|8|5
Tuesday 24th Nov 2015|9|14|16|17|26|10|11|10599000
Friday 20th Nov 2015|4|30|34|46|49|7|8|114814234
Tuesday 17th Nov 2015|6|7|23|37|38|10|11|101384894
Friday 13th Nov 2015|10|17|18|33|40|2|8|92419190
Tuesday 10th Nov 2015|6|13|18|39|43|2|8|79495676
Friday 6th Nov 2015|3|17|26|38|40|4|10|71380000
Tuesday 3rd Nov 2015|8|27|39|46|49|2|6|39134284
Friday 30th Oct 2015|8|13|17|21|34|6|7|10
Tuesday 27th Oct 2015|11|12|20|25|36|6|9|26892567
Friday 23rd Oct 2015|7|25|30|32|39|2|8|22011013
Tuesday 20th Oct 2015|17|19|21|30|45|8|10|15634628
Friday 16th Oct 2015|7|28|29|43|48|3|10|11035500
Tuesday 13th Oct 2015|12|15|26|29|47|3|11|23035307.20
Friday 9th Oct 2015|1|40|42|43|47|9|11|18085197
Tuesday 6th Oct 2015|11|20|22|29|32|1|8|11101500
Friday 2nd Oct 2015|7|18|21|32|35|2|11|11065500
Tuesday 29th Sep 2015|11|14|26|29|49|3|9|11152500
Friday 25th Sep 2015|13|14|23|30|37|2|8|5
Tuesday 22nd Sep 2015|14|23|26|27|29|7|10|27140220
Friday 18th Sep 2015|7|29|33|34|39|7|8|22450618
Tuesday 15th Sep 2015|8|15|17|44|49|5|8|15723801
Friday 11th Sep 2015|10|18|19|29|50|1|9|11032500
Tuesday 8th Sep 2015|14|16|39|40|42|1|4|22464582.80
Friday 4th Sep 2015|8|9|27|45|50|8|10|17883898
Tuesday 1st Sep 2015|6|19|21|27|45|1|8|11077500
Friday 28th Aug 2015|11|29|30|31|34|4|7|10
Tuesday 25th Aug 2015|27|31|33|42|50|2|5|22297655
Friday 21st Aug 2015|4|16|18|43|47|6|10|17370968
Tuesday 18th Aug 2015|7|10|11|12|19|2|9|10582500
Friday 14th Aug 2015|4|7|39|44|45|3|5|28595278.40
Tuesday 11th Aug 2015|2|3|8|15|16|4|11|21748476
Friday 7th Aug 2015|1|5|21|39|44|4|11|17058370
Tuesday 4th Aug 2015|10|15|39|45|50|9|10|10500000
Friday 31st Jul 2015|16|21|34|40|50|6|9|10
Tuesday 28th Jul 2015|23|32|36|43|49|7|8|10639500
Friday 24th Jul 2015|2|9|21|35|46|2|11|28675998
Tuesday 21st Jul 2015|14|20|27|29|44|7|10|21651101
Friday 17th Jul 2015|1|21|22|43|48|7|9|16844082
Tuesday 14th Jul 2015|6|18|19|34|36|1|8|10572000
Friday 10th Jul 2015|5|8|15|35|41|4|5|29461344
Tuesday 7th Jul 2015|6|7|18|33|41|3|10|22161317
Friday 3rd Jul 2015|11|12|15|18|44|3|9|17408173
Tuesday 30th Jun 2015|11|15|28|34|37|1|8|10653000
Friday 26th Jun 2015|3|6|10|19|24|5|7|10
Tuesday 23rd Jun 2015|4|16|22|38|49|6|9|10669500
Friday 19th Jun 2015|7|14|20|31|42|3|9|17776969
Tuesday 16th Jun 2015|10|15|16|36|37|3|9|10785000
Friday 12th Jun 2015|5|8|10|11|37|7|9|93388943.90
Tuesday 9th Jun 2015|5|9|17|32|34|6|8|82265988
Friday 5th Jun 2015|2|7|8|45|48|1|9|72850000
Tuesday 2nd Jun 2015|7|23|29|37|41|1|8|15874102
Friday 29th May 2015|3|4|20|45|48|6|8|10
Tuesday 26th May 2015|5|6|7|21|24|5|6|26656367
Friday 22nd May 2015|18|24|35|44|45|5|11|22169936
Tuesday 19th May 2015|26|30|31|35|37|8|11|15476457
Friday 15th May 2015|5|35|42|44|47|8|9|10932000
Tuesday 12th May 2015|14|29|30|40|46|3|6|34276743
Friday 8th May 2015|7|14|19|47|49|3|10|29532380
Tuesday 5th May 2015|1|10|17|20|42|8|9|22723433
Friday 1st May 2015|3|19|20|25|26|6|10|17749913
Tuesday 28th Apr 2015|24|26|28|36|45|7|10|10741500
Friday 24th Apr 2015|5|19|29|31|40|3|10|10
Tuesday 21st Apr 2015|6|14|17|42|45|1|8|28100414
Friday 17th Apr 2015|2|24|30|34|39|8|11|22844230
Tuesday 14th Apr 2015|24|32|34|35|49|1|2|15639792
Friday 10th Apr 2015|22|23|25|30|43|5|9|10876500
Tuesday 7th Apr 2015|18|25|39|44|50|5|8|15679890
Friday 3rd Apr 2015|27|29|37|39|49|2|4|11055000
Tuesday 31st Mar 2015|8|20|24|28|49|8|9|53193914
Friday 27th Mar 2015|2|30|32|39|44|6|10|10
Tuesday 24th Mar 2015|10|24|26|39|40|3|10|38975399
Friday 20th Mar 2015|3|14|37|42|48|1|10|32843195
Tuesday 17th Mar 2015|11|23|26|38|44|1|8|24825416
Friday 13th Mar 2015|4|5|18|22|23|1|3|19376761
Tuesday 10th Mar 2015|2|6|23|30|31|2|10|10656000
Friday 6th Mar 2015|23|30|47|49|50|2|7|72180000
Tuesday 3rd Mar 2015|6|8|11|13|21|7|8|59016205
Friday 27th Feb 2015|5|14|17|25|47|9|10|10
Tuesday 24th Feb 2015|3|25|28|34|50|1|11|43197448
Friday 20th Feb 2015|4|10|14|37|46|4|7|37807029
Tuesday 17th Feb 2015|2|5|18|30|43|1|10|30050324
Friday 13th Feb 2015|12|24|39|42|44|3|11|24682682
Tuesday 10th Feb 2015|13|17|20|30|45|9|10|16073137
Friday 6th Feb 2015|10|26|30|39|50|7|8|11154000
Tuesday 3rd Feb 2015|17|31|33|44|50|7|11|11370000
Friday 30th Jan 2015|9|13|15|19|24|3|8|10
Tuesday 27th Jan 2015|5|10|31|33|40|8|10|16266792
Friday 23rd Jan 2015|6|29|30|38|45|1|8|11247000
Tuesday 20th Jan 2015|15|33|41|44|47|8|10|24827488
Friday 16th Jan 2015|29|30|32|34|46|3|6|19476379
Tuesday 13th Jan 2015|8|17|21|31|34|9|10|11659500
Friday 9th Jan 2015|6|21|24|32|45|1|11|24754047
Tuesday 6th Jan 2015|14|20|30|38|49|3|4|16954080
Friday 2nd Jan 2015|22|24|25|28|49|3|6|11751000
Friday 30th Dec 2016|8|10|22|29|47|1|3|14538400
Tuesday 27th Dec 2016|3|22|25|32|39|7|12|21534783
Friday 23rd Dec 2016|4|16|20|39|46|2|5|5
Tuesday 20th Dec 2016|13|15|17|21|27|2|3|5
Friday 16th Dec 2016|6|10|30|41|45|4|11|43003166
Tuesday 13th Dec 2016|14|28|29|48|50|2|8|32050401
Friday 9th Dec 2016|6|12|28|37|40|1|5|24450957
Tuesday 6th Dec 2016|1|7|11|27|45|4|9|14392200
Friday 2nd Dec 2016|6|11|23|31|32|2|12|24662130
Tuesday 29th Nov 2016|21|26|27|28|38|9|11|14494200
Friday 25th Nov 2016|5|11|17|23|28|10|11|5
Tuesday 22nd Nov 2016|5|10|33|34|47|2|10|5
Friday 18th Nov 2016|3|12|27|32|47|6|8|32720430
Tuesday 15th Nov 2016|7|15|36|42|48|3|7|22092234
Friday 11th Nov 2016|3|22|23|38|49|2|9|14648900
Tuesday 8th Nov 2016|5|9|47|49|50|8|9|35072281
Friday 4th Nov 2016|7|11|12|44|48|3|7|26830014
Tuesday 1st Nov 2016|6|10|20|29|37|1|9|
Friday 28th Oct 2016|10|16|19|23|43|2|8|25
Tuesday 25th Oct 2016|3|15|20|21|28|1|5|5
Friday 21st Oct 2016|9|20|23|44|48|8|10|
Tuesday 18th Oct 2016|2|17|21|25|27|6|9|
Friday 14th Oct 2016|7|13|19|31|34|1|11|15330600
Tuesday 11th Oct 2016|5|12|20|24|37|4|11|
Friday 7th Oct 2016|2|12|20|27|30|9|11|140104641
Tuesday 4th Oct 2016|4|7|14|34|38|4|11|124041722
Friday 30th Sep 2016|17|35|37|43|44|2|10|112697000
Tuesday 27th Sep 2016|6|9|13|39|41|2|12|10
Friday 23rd Sep 2016|14|16|39|42|49|3|9|20683054
Tuesday 20th Sep 2016|1|4|10|41|45|6|9|12900000
Friday 16th Sep 2016|5|8|14|22|32|2|11|34037587.40
Tuesday 13th Sep 2016|4|7|16|35|44|1|3|5
Friday 9th Sep 2016|4|11|15|17|28|1|3|5
Tuesday 6th Sep 2016|12|24|30|34|45|7|10|12579000
Friday 2nd Sep 2016|8|16|32|40|50|2|11|32837521.50
Tuesday 30th Aug 2016|13|16|29|35|42|6|8|25605853
Friday 26th Aug 2016|1|9|28|30|48|7|8|5
Tuesday 23rd Aug 2016|2|23|31|37|45|4|8|12870000
Friday 19th Aug 2016|5|6|22|25|34|5|7|47566032
Tuesday 16th Aug 2016|2|26|34|37|46|4|8|39327773
Friday 12th Aug 2016|2|15|28|36|50|2|11|33820376
Tuesday 9th Aug 2016|12|19|43|44|45|5|10|25724734
Friday 5th Aug 2016|16|19|24|35|37|2|7|20140295
Tuesday 2nd Aug 2016|2|8|27|38|46|2|6|12612000
Friday 29th Jul 2016|1|21|26|40|50|2|4|5
Tuesday 26th Jul 2016|3|10|13|45|49|2|11|51731973
Friday 22nd Jul 2016|7|24|26|37|45|5|9|45790415
Tuesday 19th Jul 2016|19|24|28|36|37|3|6|38223590
Friday 15th Jul 2016|2|11|13|14|21|1|8|32611251
Tuesday 12th Jul 2016|3|7|26|33|41|2|10|25081394
Friday 8th Jul 2016|8|12|18|33|44|4|8|20261530
Tuesday 5th Jul 2016|1|10|29|38|48|3|4|12760500
Friday 1st Jul 2016|2|11|13|40|50|1|10|20022696
Tuesday 28th Jun 2016|26|32|37|43|49|4|5|12448500
Friday 24th Jun 2016|11|19|27|28|39|3|10|5
Tuesday 21st Jun 2016|5|17|32|35|49|1|5|23371931
Friday 17th Jun 2016|1|7|18|27|43|4|8|18818757
Tuesday 14th Jun 2016|13|34|39|42|50|9|11|11928000
Friday 10th Jun 2016|14|21|35|42|43|7|9|67227348
Tuesday 7th Jun 2016|19|26|35|45|49|2|5|57100579
Friday 3rd Jun 2016|7|23|31|33|39|6|10|50611162
Tuesday 31st May 2016|6|12|26|30|48|6|7|41708725
Friday 27th May 2016|13|25|27|43|46|4|8|5
Tuesday 24th May 2016|16|17|23|34|37|6|9|28279072
Friday 20th May 2016|9|14|30|41|45|4|9|23593583
Tuesday 17th May 2016|15|27|32|36|39|3|10|16625472
Friday 13th May 2016|7|15|28|31|42|10|11|11811000
Tuesday 10th May 2016|2|26|27|40|49|5|10|57525794
Friday 6th May 2016|32|34|40|45|48|1|10|51342488
Tuesday 3rd May 2016|8|23|24|34|38|3|7|43360228
Friday 29th Apr 2016|4|5|25|28|43|6|11|5
Tuesday 26th Apr 2016|10|17|31|32|42|2|5|28958268
Friday 22nd Apr 2016|17|26|32|34|43|2|10|23868937
Tuesday 19th Apr 2016|11|14|15|27|44|2|7|16895105
Friday 15th Apr 2016|13|14|32|37|48|1|7|11932500
Tuesday 12th Apr 2016|1|5|9|22|38|2|10|51818873.70
Friday 8th Apr 2016|6|8|26|43|49|6|10|46258071
Tuesday 5th Apr 2016|3|5|9|19|40|2|5|37762659
Friday 1st Apr 2016|2|16|23|25|49|6|9|31942807
Tuesday 29th Mar 2016|1|4|19|25|36|3|11|23722612
Friday 25th Mar 2016|12|19|36|42|43|5|8|5
Tuesday 22nd Mar 2016|12|15|26|42|49|5|8|11845500
Friday 18th Mar 2016|14|19|21|24|49|5|11|46514105
Tuesday 15th Mar 2016|5|7|10|34|44|2|10|38751467
Friday 11th Mar 2016|1|21|26|40|43|6|9|32729736
Tuesday 8th Mar 2016|1|8|9|14|23|1|7|24864878
Friday 4th Mar 2016|9|14|16|23|40|1|5|19432742
Tuesday 1st Mar 2016|4|7|13|28|37|10|11|11698500
Friday 26th Feb 2016|5|13|15|33|50|9|11|5
Tuesday 23rd Feb 2016|23|25|32|37|42|1|11|24605103
Friday 19th Feb 2016|13|14|30|32|39|3|9|19006842
Tuesday 16th Feb 2016|3|10|22|37|50|6|10|11700000
Friday 12th Feb 2016|3|20|28|31|49|2|5|24769931.90
Tuesday 9th Feb 2016|6|9|13|28|37|4|5|17090950
Friday 5th Feb 2016|3|27|32|41|46|4|8|11541000
Tuesday 2nd Feb 2016|6|9|10|21|36|2|6|11373000
Friday 29th Jan 2016|1|5|23|29|32|1|7|7
Tuesday 26th Jan 2016|15|24|38|40|48|2|9|87892394
Friday 22nd Jan 2016|10|12|27|30|47|8|9|79365304
Tuesday 19th Jan 2016|2|30|38|43|46|2|7|70146761
Friday 15th Jan 2016|10|19|38|43|46|1|11|62768100
Tuesday 12th Jan 2016|1|2|10|30|44|1|8|52409215
Friday 8th Jan 2016|5|26|33|35|40|3|8|46235544
Tuesday 5th Jan 2016|6|10|31|36|39|6|10|36601816
Friday 1st Jan 2016|4|37|38|39|44|4|7|31339370
Friday 29th Dec 2017|4|8|22|23|48|1|12|10
Tuesday 26th Dec 2017|4|17|30|43|44|2|10|21951423
Friday 22nd Dec 2017|5|24|30|31|43|3|6|15089200
Tuesday 19th Dec 2017|8|15|30|38|46|4|7|119876081
Friday 15th Dec 2017|25|30|31|42|50|2|11|111674784
Tuesday 12th Dec 2017|20|37|39|44|50|4|8|101938670
Friday 8th Dec 2017|4|22|30|32|34|3|4|94304641
Tuesday 5th Dec 2017|11|36|43|44|48|2|7|85788778
Friday 1st Dec 2017|5|24|29|35|46|11|12|79577293
Tuesday 28th Nov 2017|1|6|12|18|42|2|7|71866782
Friday 24th Nov 2017|19|24|28|30|50|3|10|66743323
Tuesday 21st Nov 2017|2|10|14|28|31|5|7|54215274
Friday 17th Nov 2017|20|26|35|36|42|5|12|46135062
Tuesday 14th Nov 2017|14|16|39|40|41|8|10|34502478
Friday 10th Nov 2017|13|22|29|36|37|1|9|26361644
Tuesday 7th Nov 2017|7|19|20|37|41|2|12|14970200
Friday 3rd Nov 2017|5|12|17|33|41|4|9|25476778.30
Tuesday 31st Oct 2017|1|12|36|43|46|3|5|14919200
Friday 27th Oct 2017|3|16|23|32|39|1|4|15011000
Tuesday 24th Oct 2017|9|11|13|27|33|7|10|58670142
Friday 20th Oct 2017|4|17|23|27|30|3|8|49712130
Tuesday 17th Oct 2017|13|17|19|26|36|2|3|37871775
Friday 13th Oct 2017|23|29|37|45|50|5|11|13
Tuesday 10th Oct 2017|4|21|34|36|37|3|6|15209900
Friday 6th Oct 2017|1|9|15|19|25|1|7|170810000
Tuesday 3rd Oct 2017|6|24|32|48|50|1|5|168701000
Friday 29th Sep 2017|7|18|19|32|48|3|7|157898325
Tuesday 26th Sep 2017|1|29|40|41|48|6|12|143626132
Friday 22nd Sep 2017|6|11|31|39|42|1|3|134911784
Tuesday 19th Sep 2017|1|8|21|30|45|2|3|123904174
Friday 15th Sep 2017|13|18|37|44|49|9|12|114504000
Tuesday 12th Sep 2017|10|17|27|29|35|4|11|33717075
Friday 8th Sep 2017|9|24|42|47|49|1|5|25993675
Tuesday 5th Sep 2017|6|9|18|28|29|1|9|15560100
Friday 1st Sep 2017|3|7|8|14|49|5|8|25914013
Tuesday 29th Aug 2017|4|12|15|32|38|1|5|15767500
Friday 25th Aug 2017|1|5|7|15|47|9|12|15735200
Tuesday 22nd Aug 2017|3|10|12|17|27|3|5|40510685
Friday 18th Aug 2017|2|24|39|42|45|2|8|32520149
Tuesday 15th Aug 2017|10|14|30|35|46|4|10|22117219
Friday 11th Aug 2017|18|28|39|46|48|5|12|15449600
Tuesday 8th Aug 2017|15|25|26|40|41|4|5|33089644
Friday 4th Aug 2017|29|30|36|40|41|2|9|25529274
Tuesday 1st Aug 2017|14|21|24|29|30|8|10|15208200
Friday 28th Jul 2017|5|9|29|31|41|2|4|3
Tuesday 25th Jul 2017|12|14|43|44|48|2|11|3
Friday 21st Jul 2017|1|8|9|26|49|5|9|32874047
Tuesday 18th Jul 2017|1|25|27|41|45|5|7|22265567
Friday 14th Jul 2017|11|14|20|21|47|7|10|14900500
Tuesday 11th Jul 2017|14|22|26|42|50|8|10|15189500
Friday 7th Jul 2017|11|20|35|37|45|3|6|25663715
Tuesday 4th Jul 2017|10|22|25|37|49|5|8|14943000
Friday 30th Jun 2017|17|35|39|47|50|6|8|87570000
Tuesday 27th Jun 2017|9|17|21|28|45|1|3|70127201
Friday 23rd Jun 2017|3|4|21|31|38|3|7|64082100
Tuesday 20th Jun 2017|11|18|26|43|44|8|10|52594374
Friday 16th Jun 2017|15|17|38|41|42|9|12|44150291
Tuesday 13th Jun 2017|3|12|22|27|49|4|11|33506785
Friday 9th Jun 2017|9|20|27|39|43|10|11|25684767
Tuesday 6th Jun 2017|20|22|25|37|40|3|7|14866500
Friday 2nd Jun 2017|8|10|24|33|42|3|9|134808762
Tuesday 30th May 2017|7|12|27|38|48|6|9|121851562
Friday 26th May 2017|5|7|26|36|39|2|10|3
Tuesday 23rd May 2017|8|15|25|27|42|1|4|3
Friday 19th May 2017|9|11|12|19|30|4|9|93927013
Tuesday 16th May 2017|8|11|15|20|30|3|8|84319251
Friday 12th May 2017|2|20|28|29|44|3|9|76813393
Tuesday 9th May 2017|8|12|16|22|26|6|7|68249429
Friday 5th May 2017|3|7|30|35|43|1|3|63162406
Tuesday 2nd May 2017|6|19|23|25|27|11|12|55848627
Friday 28th Apr 2017|14|20|25|30|39|2|8|3
Tuesday 25th Apr 2017|9|11|19|32|43|3|9|3
Friday 21st Apr 2017|2|13|16|22|49|4|5|30153753
Tuesday 18th Apr 2017|17|22|31|38|45|5|12|20624201
Friday 14th Apr 2017|4|14|20|23|33|6|10|14422800
Tuesday 11th Apr 2017|5|21|22|31|49|2|8|70887897
Friday 7th Apr 2017|2|10|19|35|50|6|7|65668144
Tuesday 4th Apr 2017|1|9|24|33|34|2|6|58513592
Friday 31st Mar 2017|17|24|26|28|45|4|12|3
Tuesday 28th Mar 2017|9|13|31|33|46|6|10|3
Friday 24th Mar 2017|2|17|21|27|34|5|9|31918888
Tuesday 21st Mar 2017|1|20|23|44|47|4|11|21818290
Friday 17th Mar 2017|6|10|19|29|36|3|9|14742400
Tuesday 14th Mar 2017|3|5|21|36|44|3|6|70386999
Friday 10th Mar 2017|31|36|38|47|49|8|11|64931865
Tuesday 7th Mar 2017|6|37|41|48|50|4|5|51910688
Friday 3rd Mar 2017|2|11|29|30|47|1|12|43311596
Tuesday 28th Feb 2017|10|20|31|35|42|2|12|31923442
Friday 24th Feb 2017|2|4|13|22|43|8|9|3
Tuesday 21st Feb 2017|13|19|41|45|49|3|4|3
Friday 17th Feb 2017|19|25|33|36|48|2|9|14509500
Tuesday 14th Feb 2017|2|10|24|40|44|3|10|39975922.40
Friday 10th Feb 2017|7|21|26|35|43|2|9|32204121
Tuesday 7th Feb 2017|4|10|31|38|44|8|10|21809971
Friday 3rd Feb 2017|3|4|15|46|50|5|9|5
Tuesday 31st Jan 2017|3|4|17|23|44|6|9|5
Friday 27th Jan 2017|17|20|28|45|48|5|9|14495900
Tuesday 24th Jan 2017|1|5|7|17|23|3|8|76052175
Friday 20th Jan 2017|10|17|27|31|49|3|5|70419453
Tuesday 17th Jan 2017|4|16|25|43|47|2|10|62366698
Friday 13th Jan 2017|3|7|16|26|50|4|7|53936316
Tuesday 10th Jan 2017|2|11|29|35|44|4|9|40259650
Friday 6th Jan 2017|10|14|18|21|49|9|11|31898943
Tuesday 3rd Jan 2017|19|23|27|34|49|1|11|21591336
Friday 28th Dec 2018|13|16|34|35|45|10|12|108543762
Tuesday 25th Dec 2018|4|5|8|31|43|2|9|99026381
Friday 21st Dec 2018|2|12|15|34|50|3|4|92134454
Tuesday 18th Dec 2018|1|9|18|39|48|5|7|83057501
Friday 14th Dec 2018|12|29|38|42|44|2|12|76884342
Tuesday 11th Dec 2018|4|7|13|23|42|1|3|69712546
Friday 7th Dec 2018|11|17|26|37|48|1|10|63478325
Tuesday 4th Dec 2018|19|20|21|42|45|8|9|51799990
Friday 30th Nov 2018|3|10|12|23|26|1|12|43374190
Tuesday 27th Nov 2018|4|16|17|18|32|2|11|32439819
Friday 23rd Nov 2018|5|8|25|26|30|3|10|24866684
Tuesday 20th Nov 2018|6|19|39|45|48|7|12|15130000
Friday 16th Nov 2018|9|10|13|28|41|1|12|44832935
Tuesday 13th Nov 2018|2|7|10|13|42|3|6|33184923
Friday 9th Nov 2018|14|17|32|37|49|11|12|25702466
Tuesday 6th Nov 2018|14|24|36|40|43|2|9|14832500
Friday 2nd Nov 2018|5|15|17|37|44|7|11|76369806
Tuesday 30th Oct 2018|17|23|27|43|44|1|12|70193991
Friday 26th Oct 2018|5|18|21|31|35|6|9|64245817
Tuesday 23rd Oct 2018|1|2|5|21|32|2|12|52107396
Friday 19th Oct 2018|1|3|29|47|48|3|12|43581440
Tuesday 16th Oct 2018|15|28|37|40|42|1|6|32638799
Friday 12th Oct 2018|4|9|12|31|43|5|8|25070150
Tuesday 9th Oct 2018|3|12|36|44|45|8|11|14873300
Friday 5th Oct 2018|8|16|24|26|35|3|11|14948100
Tuesday 2nd Oct 2018|7|17|29|37|45|3|11|144603632
Friday 28th Sep 2018|2|4|8|27|50|2|9|135382686
Tuesday 25th Sep 2018|6|15|20|30|38|4|7|124411811
Friday 21st Sep 2018|5|7|21|25|37|3|4|116870000
Tuesday 18th Sep 2018|3|8|10|32|45|4|12|40651934
Friday 14th Sep 2018|1|3|33|40|45|3|4|32776219
Tuesday 11th Sep 2018|9|18|32|38|46|2|3|22382447
Friday 7th Sep 2018|4|23|27|31|50|1|8|15216700
Tuesday 4th Sep 2018|5|14|28|30|47|4|11|40979973
Friday 31st Aug 2018|4|30|31|38|42|4|6|32721629
Tuesday 28th Aug 2018|4|16|32|42|46|8|12|22758649
Friday 24th Aug 2018|3|14|31|36|50|1|12|15393500
Tuesday 21st Aug 2018|16|23|42|43|49|10|12|96785706
Friday 17th Aug 2018|2|15|18|24|43|8|12|89766677
Tuesday 14th Aug 2018|1|15|18|25|31|9|11|81090231
Friday 10th Aug 2018|18|20|36|43|44|3|9|75029181
Tuesday 7th Aug 2018|16|28|29|30|36|8|10|67719962
Friday 3rd Aug 2018|7|26|36|38|43|6|12|61780382
Tuesday 31st Jul 2018|20|25|34|42|45|6|11|50637585
Friday 27th Jul 2018|11|17|22|23|41|6|11|42386533
Tuesday 24th Jul 2018|2|4|23|39|40|3|9|32023423
Friday 20th Jul 2018|2|15|40|43|46|3|6|24941396
Tuesday 17th Jul 2018|4|6|27|48|50|1|11|15126600
Friday 13th Jul 2018|1|4|14|21|49|2|12|13
Tuesday 10th Jul 2018|3|8|26|33|45|7|10|57975367
Friday 6th Jul 2018|8|30|33|38|48|2|10|49801491
Tuesday 3rd Jul 2018|1|12|15|29|48|3|5|39091736
Friday 29th Jun 2018|15|21|23|40|48|3|12|31647298
Tuesday 26th Jun 2018|15|16|20|34|50|4|7|21730843
Friday 22nd Jun 2018|14|25|39|41|44|2|8|14960000
Tuesday 19th Jun 2018|7|19|26|42|50|4|9|31809040
Friday 15th Jun 2018|23|26|33|38|49|1|12|24560828
Tuesday 12th Jun 2018|7|21|23|36|38|6|8|14954900
Friday 8th Jun 2018|8|19|32|43|46|2|8|14931100
Tuesday 5th Jun 2018|9|15|22|39|46|4|5|14886900
Friday 1st Jun 2018|17|18|24|29|40|4|5|69944630
Tuesday 29th May 2018|6|11|20|38|43|2|4|57637756
Friday 25th May 2018|13|15|16|28|41|4|5|50089464
Tuesday 22nd May 2018|1|11|37|41|48|8|12|39384424
Friday 18th May 2018|5|8|10|13|31|3|6|32040070
Tuesday 15th May 2018|4|16|20|31|39|2|12|22065747
Friday 11th May 2018|3|22|34|49|50|8|11|15004200
Tuesday 8th May 2018|17|25|35|39|44|2|5|39948586
Friday 4th May 2018|6|12|23|39|45|9|12|32659632
Tuesday 1st May 2018|6|15|17|42|48|4|6|21805469
Friday 27th Apr 2018|12|24|40|41|46|5|12|14958300
Tuesday 24th Apr 2018|20|23|28|30|44|3|7|121328187
Friday 20th Apr 2018|3|16|25|39|44|7|11|114010000
Tuesday 17th Apr 2018|15|27|33|39|50|4|6|22289222
Friday 13th Apr 2018|5|25|34|48|50|6|7|13
Tuesday 10th Apr 2018|14|27|39|46|48|11|12|14829100
Friday 6th Apr 2018|1|29|33|45|47|4|8|66429609
Tuesday 3rd Apr 2018|3|8|16|40|43|5|8|59156133
Friday 30th Mar 2018|12|17|28|35|47|7|11|51598288
Tuesday 27th Mar 2018|17|20|23|40|46|9|10|40629122
Friday 23rd Mar 2018|5|7|11|46|50|8|11|32771739
Tuesday 20th Mar 2018|26|29|37|39|44|9|11|22265427
Friday 16th Mar 2018|4|17|24|27|31|10|11|14992300
Tuesday 13th Mar 2018|9|11|13|33|49|6|12|54643467
Friday 9th Mar 2018|9|14|21|32|44|1|12|45846428
Tuesday 6th Mar 2018|15|20|26|31|44|2|9|34392263
Friday 2nd Mar 2018|2|7|34|45|48|1|12|26096672
Tuesday 27th Feb 2018|3|31|41|48|50|8|11|14956600
Friday 23rd Feb 2018|10|17|18|28|47|3|7|25
Tuesday 20th Feb 2018|6|14|19|25|29|5|11|142157622
Friday 16th Feb 2018|10|12|23|32|50|4|10|133365227
Tuesday 13th Feb 2018|10|13|17|21|44|1|10|123305866
Friday 9th Feb 2018|22|31|36|38|44|1|11|114539544
Tuesday 6th Feb 2018|8|17|28|34|38|6|12|104423108
Friday 2nd Feb 2018|14|34|36|39|48|2|3|95972671
Tuesday 30th Jan 2018|11|15|21|27|35|4|5|86173606
Friday 26th Jan 2018|6|15|24|28|48|4|9|79917041
Tuesday 23rd Jan 2018|5|8|9|23|24|7|8|71872851
Friday 19th Jan 2018|3|8|17|44|50|2|7|66212715
Tuesday 16th Jan 2018|20|23|31|34|46|3|12|54434216
Friday 12th Jan 2018|13|21|23|30|45|4|6|45394452
Tuesday 9th Jan 2018|6|12|15|38|49|2|9|33484288
Friday 5th Jan 2018|2|5|20|38|41|4|8|25687589
Tuesday 2nd Jan 2018|10|20|21|28|48|1|8|15084100
Tuesday 31st Dec 2019|26|31|33|41|48|2|4|10
Friday 27th Dec 2019|1|7|22|26|35|5|10|33089326
Tuesday 24th Dec 2019|3|11|13|14|47|3|6|23534756
Friday 20th Dec 2019|8|24|30|32|34|3|4|14484000
Tuesday 17th Dec 2019|1|7|12|25|49|6|9|41621418
Friday 13th Dec 2019|9|16|18|23|32|2|10|32875644
Tuesday 10th Dec 2019|2|10|19|21|47|2|8|21715889
Friday 6th Dec 2019|1|3|27|39|46|1|10|14319100
Tuesday 3rd Dec 2019|18|31|32|38|48|4|12|40957696.60
Friday 29th Nov 2019|3|7|12|42|50|6|8|32747133
Tuesday 26th Nov 2019|2|3|15|19|34|5|8|22196254
Friday 22nd Nov 2019|3|21|32|34|48|3|11|14608100
Tuesday 19th Nov 2019|8|10|15|30|42|4|6|105100701.90
Friday 15th Nov 2019|3|13|20|32|34|4|11|98311223
Tuesday 12th Nov 2019|1|21|23|25|39|2|4|89866288
Friday 8th Nov 2019|8|17|20|23|45|2|8|25
Tuesday 5th Nov 2019|9|14|25|33|48|2|12|74873475
Friday 1st Nov 2019|2|20|39|44|48|5|7|69286018
Tuesday 29th Oct 2019|16|18|28|42|49|5|10|62293451
Friday 25th Oct 2019|34|37|39|40|50|4|10|53313310
Tuesday 22nd Oct 2019|2|5|32|33|47|7|8|41922445
Friday 18th Oct 2019|8|18|22|41|42|11|12|33536983
Tuesday 15th Oct 2019|3|28|31|32|34|4|5|22772993
Friday 11th Oct 2019|2|14|19|42|45|5|6|14830800
Tuesday 8th Oct 2019|7|10|15|44|49|3|12|170221000
Friday 4th Oct 2019|6|9|35|41|44|6|9|169024000
Tuesday 1st Oct 2019|2|11|18|40|46|1|4|168720000
Friday 27th Sep 2019|24|37|41|43|46|2|8|169005000
Tuesday 24th Sep 2019|2|33|42|47|48|1|2|167751000
Friday 20th Sep 2019|8|21|25|38|50|4|8|167609701
Tuesday 17th Sep 2019|22|37|43|44|45|1|12|155282163
Friday 13th Sep 2019|1|12|27|42|47|6|7|145566007
Tuesday 10th Sep 2019|3|22|25|30|49|3|6|134122038
Friday 6th Sep 2019|10|13|22|40|48|2|5|125665319
Tuesday 3rd Sep 2019|7|11|38|39|44|7|10|116404085
Friday 30th Aug 2019|25|27|45|46|49|4|6|107759330
Tuesday 27th Aug 2019|8|26|35|43|47|1|9|97958413
Friday 23rd Aug 2019|4|17|35|42|45|2|8|91533020
Tuesday 20th Aug 2019|20|22|23|24|37|1|4|83338679
Friday 16th Aug 2019|9|10|27|37|42|1|5|77208525
Tuesday 13th Aug 2019|13|29|31|33|40|2|3|70899768
Friday 9th Aug 2019|2|14|35|41|42|10|11|65218898
Tuesday 6th Aug 2019|12|13|29|36|38|4|12|52917787
Friday 2nd Aug 2019|13|22|33|44|50|2|5|43958121
Tuesday 30th Jul 2019|15|20|23|27|40|3|6|33364792
Friday 26th Jul 2019|2|5|27|37|42|3|10|25032609
Tuesday 23rd Jul 2019|1|14|19|23|38|3|7|15254100
Friday 19th Jul 2019|13|14|17|26|28|2|7|20
Tuesday 16th Jul 2019|3|5|13|18|39|7|8|88185562
Friday 12th Jul 2019|2|31|39|45|47|4|8|81180289
Tuesday 9th Jul 2019|7|29|32|36|41|6|7|73547916
Friday 5th Jul 2019|2|9|20|34|42|6|9|67458174
Tuesday 2nd Jul 2019|11|19|29|44|45|8|12|60173279
Friday 28th Jun 2019|1|3|16|33|49|2|11|51583856
Tuesday 25th Jun 2019|6|26|27|34|46|1|9|40597881
Friday 21st Jun 2019|5|8|9|25|39|3|7|32775384
Tuesday 18th Jun 2019|12|24|37|40|44|3|7|22579505
Friday 14th Jun 2019|1|13|30|31|39|2|7|15152100
Tuesday 11th Jun 2019|25|27|39|42|46|11|12|123458008
Friday 7th Jun 2019|1|4|16|20|34|2|5|115726000
Tuesday 4th Jun 2019|9|31|32|39|41|2|8|22504557
Friday 31st May 2019|1|23|24|26|35|1|11|15034800
Tuesday 28th May 2019|7|19|20|28|29|1|5|57674610
Friday 24th May 2019|5|16|23|30|49|6|7|49736732
Tuesday 21st May 2019|32|33|34|39|47|8|12|39211724
Friday 17th May 2019|16|28|42|43|45|6|7|31674666
Tuesday 14th May 2019|10|14|17|25|50|2|10|21687521
Friday 10th May 2019|1|4|27|45|48|1|7|14694800
Tuesday 7th May 2019|7|20|26|32|47|2|11|21438454
Friday 3rd May 2019|2|9|20|27|43|5|6|14467000
Tuesday 30th Apr 2019|5|12|20|26|48|2|11|21815835
Friday 26th Apr 2019|14|33|35|47|50|9|11|14682900
Tuesday 23rd Apr 2019|18|23|27|42|44|2|7|38254645.20
Friday 19th Apr 2019|7|8|32|41|49|5|11|31273852
Tuesday 16th Apr 2019|1|8|15|44|49|2|11|21879091
Friday 12th Apr 2019|1|28|35|36|46|6|9|14701600
Tuesday 9th Apr 2019|18|21|29|38|41|1|11|68329653
Friday 5th Apr 2019|1|7|10|29|45|3|5|62771731
Tuesday 2nd Apr 2019|2|9|16|26|36|6|7|50833887
Friday 29th Mar 2019|13|23|26|32|47|6|10|43015001
Tuesday 26th Mar 2019|12|19|23|43|47|2|6|32010911
Friday 22nd Mar 2019|4|17|26|30|43|6|11|24580716
Tuesday 19th Mar 2019|1|6|9|34|47|7|12|14552000
Friday 15th Mar 2019|3|15|24|42|46|9|12|71057439
Tuesday 12th Mar 2019|5|7|13|19|31|2|9|64356515
Friday 8th Mar 2019|17|18|19|24|40|4|8|55265839
Tuesday 5th Mar 2019|6|10|16|39|46|8|11|43294160
Friday 1st Mar 2019|6|9|19|26|31|11|12|40
Tuesday 26th Feb 2019|3|15|29|35|47|3|4|22256333
Friday 22nd Feb 2019|3|27|29|33|50|3|7|14773000
Tuesday 19th Feb 2019|1|8|18|19|39|7|9|152400366
Friday 15th Feb 2019|15|27|34|38|49|2|10|144375567
Tuesday 12th Feb 2019|6|34|36|41|50|1|5|133312302
Friday 8th Feb 2019|11|12|13|39|46|7|10|123991632
Tuesday 5th Feb 2019|14|25|31|37|43|2|3|113958151
Friday 1st Feb 2019|3|21|26|41|46|1|6|105204000
Tuesday 29th Jan 2019|14|24|26|32|39|3|8|75051591
Friday 25th Jan 2019|1|6|13|15|16|6|10|68153942
Tuesday 22nd Jan 2019|9|23|29|41|49|8|10|61621961
Friday 18th Jan 2019|5|6|16|30|46|5|10|53285987
Tuesday 15th Jan 2019|22|25|29|33|35|3|6|42137452
Friday 11th Jan 2019|1|19|31|39|48|1|6|34004534
Tuesday 8th Jan 2019|3|19|22|31|32|2|11|23253235
Friday 4th Jan 2019|7|11|19|27|37|6|10|15228600
Tuesday 1st Jan 2019|1|8|11|25|28|4|6|10
Tuesday 29th Dec 2020|7|32|39|40|45|3|8|25557847
Friday 25th Dec 2020|16|21|27|30|32|3|5|15595800
Tuesday 22nd Dec 2020|2|10|16|42|50|4|11|39844969
Friday 18th Dec 2020|2|3|13|17|21|7|8|28785119
Tuesday 15th Dec 2020|9|13|21|29|35|1|2|15398600
Friday 11th Dec 2020|6|9|13|24|41|3|12|183120000
Tuesday 8th Dec 2020|1|4|21|24|46|2|12|181500000
Friday 4th Dec 2020|14|20|27|34|38|1|11|180800000
Tuesday 1st Dec 2020|14|20|29|47|49|4|12|160906372
Friday 27th Nov 2020|2|5|8|14|16|8|9|146729731
Tuesday 24th Nov 2020|25|33|38|42|50|8|12|128449942
Friday 20th Nov 2020|28|29|39|48|50|5|7|116103000
Tuesday 17th Nov 2020|16|19|25|30|44|2|6|69354137
Friday 13th Nov 2020|1|5|17|28|31|1|10|60684475
Tuesday 10th Nov 2020|3|19|29|32|38|5|12|45088804
Friday 6th Nov 2020|7|12|37|40|50|1|2|36006084
Tuesday 3rd Nov 2020|5|7|18|20|30|6|7|23844506
Friday 30th Oct 2020|12|16|20|21|28|3|9|15301700
Tuesday 27th Oct 2020|13|15|28|32|44|3|12|79315197.70
Friday 23rd Oct 2020|10|15|19|21|23|3|12|70979568
Tuesday 20th Oct 2020|5|6|15|37|42|3|4|59778232
Friday 16th Oct 2020|15|33|38|40|50|3|6|49383832
Tuesday 13th Oct 2020|5|14|38|41|46|1|10|36618665
Friday 9th Oct 2020|11|15|35|41|50|5|8|27489353
Tuesday 6th Oct 2020|4|21|36|41|47|9|11|15485300
Friday 2nd Oct 2020|6|12|15|40|45|3|9|27761091
Tuesday 29th Sep 2020|4|14|16|41|44|11|12|15531200
Friday 25th Sep 2020|19|23|34|37|45|1|7|118729000
Tuesday 22nd Sep 2020|16|25|28|39|40|1|6|71063522
Friday 18th Sep 2020|2|10|19|25|45|1|7|20
Tuesday 15th Sep 2020|16|20|25|30|38|6|8|47250235
Friday 11th Sep 2020|34|38|42|43|45|9|12|37525275
Tuesday 8th Sep 2020|2|9|31|35|41|9|12|24534097
Friday 4th Sep 2020|6|22|29|40|43|4|7|15174200
Tuesday 1st Sep 2020|4|8|10|33|46|8|11|139992069
Friday 28th Aug 2020|7|12|16|17|31|7|9|126895018
Tuesday 25th Aug 2020|7|18|30|37|39|8|10|112618069
Friday 21st Aug 2020|10|15|35|44|50|3|5|100807281
Tuesday 18th Aug 2020|6|12|17|34|42|5|12|87266444
Friday 14th Aug 2020|9|10|19|42|49|4|12|77977112
Tuesday 11th Aug 2020|8|13|14|42|50|3|9|66130274
Friday 7th Aug 2020|5|20|21|36|41|6|11|10
Tuesday 4th Aug 2020|1|2|5|15|42|5|8|44373299
Friday 31st Jul 2020|21|24|30|46|49|2|5|35077775
Tuesday 28th Jul 2020|9|13|15|17|34|2|7|23795774
Friday 24th Jul 2020|8|9|27|28|50|4|12|15483600
Tuesday 21st Jul 2020|14|15|24|29|42|2|4|44865863
Friday 17th Jul 2020|7|15|27|41|43|7|9|35838894
Tuesday 14th Jul 2020|11|22|30|37|47|9|10|24013488
Friday 10th Jul 2020|15|17|23|30|38|2|7|15225200
Tuesday 7th Jul 2020|12|16|23|33|41|8|10|130059174
Friday 3rd Jul 2020|4|16|27|37|39|3|6|117260000
Tuesday 30th Jun 2020|1|6|11|28|42|2|10|56510237
Friday 26th Jun 2020|1|10|12|21|26|5|11|46859882
Tuesday 23rd Jun 2020|2|12|19|46|49|1|8|34732623
Friday 19th Jun 2020|5|14|19|24|43|3|11|26333468
Tuesday 16th Jun 2020|4|9|11|17|39|2|10|15245600
Friday 12th Jun 2020|2|24|39|45|46|4|8|46399553
Tuesday 9th Jun 2020|5|15|27|36|46|2|8|34451775
Friday 5th Jun 2020|5|11|17|24|37|3|6|25999539
Tuesday 2nd Jun 2020|10|12|22|26|49|7|11|15148700
Friday 29th May 2020|4|8|11|19|46|4|8|15294900
Tuesday 26th May 2020|4|9|14|21|27|4|6|16530705.70
Friday 22nd May 2020|3|18|22|27|32|2|7|25387006
Tuesday 19th May 2020|5|25|32|37|43|6|7|15170800
Friday 15th May 2020|11|23|32|34|39|1|6|65175962
Tuesday 12th May 2020|9|16|29|37|39|4|11|56472701
Friday 8th May 2020|8|25|32|33|38|7|9|49837132
Tuesday 5th May 2020|2|10|22|27|41|2|3|42596857
Friday 1st May 2020|19|20|38|45|47|2|6|36228690
Tuesday 28th Apr 2020|15|23|26|28|32|1|5|28167968
Friday 24th Apr 2020|1|5|19|21|28|4|7|22310697
Tuesday 21st Apr 2020|10|11|14|23|28|6|8|15026300
Friday 17th Apr 2020|16|28|32|37|45|1|11|58366487.50
Tuesday 14th Apr 2020|6|29|34|35|40|4|11|51538058
Friday 10th Apr 2020|3|10|17|33|39|1|4|46937085
Tuesday 7th Apr 2020|4|5|14|33|48|7|12|40506751
Friday 3rd Apr 2020|16|19|34|46|50|2|6|34546128
Tuesday 31st Mar 2020|12|17|24|30|36|1|9|27308650
Friday 27th Mar 2020|11|14|27|41|46|2|3|22095531
Tuesday 24th Mar 2020|7|12|26|30|33|10|11|15621300
Friday 20th Mar 2020|3|9|20|34|40|6|12|15696100
Tuesday 17th Mar 2020|5|7|8|16|20|2|12|57869670
Friday 13th Mar 2020|3|11|21|27|36|9|10|50321191
Tuesday 10th Mar 2020|11|23|30|37|43|5|12|35567254
Friday 6th Mar 2020|15|38|43|45|46|1|11|26423336
Tuesday 3rd Mar 2020|4|14|27|44|45|1|10|14841000
Friday 28th Feb 2020|8|11|20|22|23|3|4|57826962
Tuesday 25th Feb 2020|1|4|18|27|42|4|6|43515336
Friday 21st Feb 2020|7|23|30|32|45|5|9|34421724
Tuesday 18th Feb 2020|11|32|34|38|47|2|10|22469712
Friday 14th Feb 2020|5|20|35|41|49|6|10|14140600
Tuesday 11th Feb 2020|24|26|32|43|46|6|10|14342900
Friday 7th Feb 2020|9|15|17|25|40|3|9|110500000
Tuesday 4th Feb 2020|21|23|33|35|47|6|7|20
Friday 31st Jan 2020|13|18|20|23|30|2|4|24336652
Tuesday 28th Jan 2020|1|19|27|31|38|4|5|14409200
Friday 24th Jan 2020|3|4|6|9|24|5|8|24139851
Tuesday 21st Jan 2020|10|11|24|36|46|3|5|14463600
Friday 17th Jan 2020|8|19|20|29|44|3|8|85964733
Tuesday 14th Jan 2020|21|25|29|39|44|8|9|78000490
Friday 10th Jan 2020|6|17|32|44|46|2|6|71717560
Tuesday 7th Jan 2020|5|8|12|37|43|6|11|64021946
Friday 3rd Jan 2020|5|15|20|36|47|8|12|55523057
Friday 31st Dec 2021|7|22|25|43|49|6|7|10
Tuesday 28th Dec 2021|4|6|15|17|29|9|12|66903928
Friday 24th Dec 2021|2|26|28|34|41|5|10|58741896
Tuesday 21st Dec 2021|12|17|21|34|38|2|3|44829384
Friday 17th Dec 2021|1|2|15|30|35|2|7|35175553
Tuesday 14th Dec 2021|19|21|37|47|48|3|6|23257356
Friday 10th Dec 2021|11|21|33|38|42|2|8|14518000
Tuesday 7th Dec 2021|22|31|38|46|47|7|11|122150223
Friday 3rd Dec 2021|21|22|29|32|46|9|10|111176000
Tuesday 30th Nov 2021|19|20|26|33|43|1|4|14501000
Friday 26th Nov 2021|1|20|41|42|50|3|7|137864547
Tuesday 23rd Nov 2021|17|21|36|42|46|7|10|122108668
Friday 19th Nov 2021|22|26|38|47|50|2|6|111127331
Tuesday 16th Nov 2021|9|19|21|32|36|3|4|98160844
Friday 12th Nov 2021|2|9|15|47|50|6|9|89439998
Tuesday 9th Nov 2021|17|25|26|33|36|1|8|77468576
Friday 5th Nov 2021|2|12|25|30|41|8|11|68724444
Tuesday 2nd Nov 2021|2|3|17|29|43|1|4|57114246
Friday 29th Oct 2021|10|15|28|32|49|3|9|47441476
Tuesday 26th Oct 2021|12|15|20|42|44|1|2|34759941
Friday 22nd Oct 2021|12|17|22|33|39|2|12|26052151
Tuesday 19th Oct 2021|4|20|36|40|41|1|6|14348000
Friday 15th Oct 2021|21|26|31|34|49|2|5|185548000
Tuesday 12th Oct 2021|6|13|22|45|49|10|11|186780000
Friday 8th Oct 2021|1|10|23|42|46|3|5|174236090
Tuesday 5th Oct 2021|11|13|14|36|45|7|9|153912260
Friday 1st Oct 2021|1|15|19|26|48|6|12|140503213
Tuesday 28th Sep 2021|6|7|12|33|39|1|7|124787147
Friday 24th Sep 2021|2|12|20|27|41|10|12|111514000
Tuesday 21st Sep 2021|20|25|26|30|38|2|8|43202295
Friday 17th Sep 2021|5|7|8|10|34|1|9|33997943
Tuesday 14th Sep 2021|12|18|35|38|45|2|8|22635401
Friday 10th Sep 2021|1|6|7|18|28|2|8|14519700
Tuesday 7th Sep 2021|7|19|35|42|43|7|9|22846891
Friday 3rd Sep 2021|5|7|13|29|35|3|7|14572400
Tuesday 31st Aug 2021|5|13|17|32|43|2|10|18204387.20
Friday 27th Aug 2021|2|3|31|46|50|8|12|45496988
Tuesday 24th Aug 2021|19|21|36|44|50|3|10|33769472
Friday 20th Aug 2021|3|9|19|20|23|9|11|25427047
Tuesday 17th Aug 2021|12|31|41|42|47|4|6|14502700
Friday 13th Aug 2021|6|12|44|47|49|8|12|13
Tuesday 10th Aug 2021|9|37|47|48|49|2|7|80768518
Friday 6th Aug 2021|7|14|21|26|32|4|12|71953143
Tuesday 3rd Aug 2021|17|21|23|45|46|7|11|61543198
Friday 30th Jul 2021|10|23|33|35|37|5|10|53612736
Tuesday 27th Jul 2021|5|9|19|21|25|10|12|41620685
Friday 23rd Jul 2021|23|24|26|34|50|2|4|33265919
Tuesday 20th Jul 2021|3|12|19|41|48|6|9|22680547
Friday 16th Jul 2021|5|16|42|47|49|3|11|14591100
Tuesday 13th Jul 2021|5|6|8|11|22|3|4|22605876
Friday 9th Jul 2021|6|19|36|37|49|4|11|14545200
Tuesday 6th Jul 2021|2|5|21|27|42|9|11|14572400
Friday 2nd Jul 2021|9|14|29|38|49|7|10|20
Tuesday 29th Jun 2021|6|12|20|24|48|5|6|55319641
Friday 25th Jun 2021|1|29|30|33|36|3|12|46189363
Tuesday 22nd Jun 2021|6|24|26|27|41|3|8|34205994
Friday 18th Jun 2021|11|20|27|30|41|3|5|25792320
Tuesday 15th Jun 2021|11|21|26|30|31|2|3|14650600
Friday 11th Jun 2021|9|17|21|33|39|7|11|26086547
Tuesday 8th Jun 2021|2|11|26|36|47|7|9|14630200
Friday 4th Jun 2021|7|20|36|40|46|2|4|111540000
Tuesday 1st Jun 2021|3|10|26|35|44|6|7|76697764
Friday 28th May 2021|11|13|16|34|40|1|12|67621751
Tuesday 25th May 2021|1|21|26|30|38|2|8|57062224
Friday 21st May 2021|2|9|13|15|35|3|10|47309401
Tuesday 18th May 2021|5|13|38|39|40|4|12|35026951
Friday 14th May 2021|6|16|18|29|38|6|11|26067927
Tuesday 11th May 2021|14|25|34|43|46|5|6|14611500
Friday 7th May 2021|14|22|33|38|47|8|9|60398926
Tuesday 4th May 2021|3|10|13|28|46|4|11|46934848
Friday 30th Apr 2021|1|16|24|28|46|2|11|10
Tuesday 27th Apr 2021|13|14|24|35|49|1|10|23689352
Friday 23rd Apr 2021|3|14|15|19|29|2|8|14818900
Tuesday 20th Apr 2021|5|17|28|41|46|10|11|59041812.70
Friday 16th Apr 2021|6|11|29|40|48|5|9|49320956
Tuesday 13th Apr 2021|16|20|31|47|50|2|8|36649681
Friday 9th Apr 2021|2|8|32|35|44|8|11|27117635
Tuesday 6th Apr 2021|2|21|37|38|50|7|8|14611500
Friday 2nd Apr 2021|4|21|34|40|47|2|5|122550350.80
Tuesday 30th Mar 2021|24|27|28|29|42|4|8|109533174
Friday 26th Mar 2021|10|12|37|49|50|3|8|98680896
Tuesday 23rd Mar 2021|2|26|29|36|49|3|9|85405694
Friday 19th Mar 2021|3|9|35|43|44|1|10|75281575
Tuesday 16th Mar 2021|23|25|32|35|47|2|6|62934911
Friday 12th Mar 2021|4|6|9|11|44|10|11|52197036
Tuesday 9th Mar 2021|1|16|21|32|33|11|12|37825963
Friday 5th Mar 2021|4|5|39|46|48|7|10|27914329
Tuesday 2nd Mar 2021|2|19|24|26|49|6|7|14728800
Friday 26th Feb 2021|6|12|22|29|33|6|11|182028000
Tuesday 23rd Feb 2021|9|18|30|39|45|1|3|180663000
Friday 19th Feb 2021|4|12|25|46|48|7|12|178761140
Tuesday 16th Feb 2021|5|9|25|29|30|6|7|157644778
Friday 12th Feb 2021|7|23|30|32|36|8|12|144125471
Tuesday 9th Feb 2021|5|10|24|31|37|9|10|127347464
Friday 5th Feb 2021|12|19|37|44|45|2|6|114088000
Tuesday 2nd Feb 2021|18|20|35|38|48|9|12|36764670
Friday 29th Jan 2021|1|5|27|36|42|1|6|27189645
Tuesday 26th Jan 2021|5|7|25|37|40|2|8|15067100
Friday 22nd Jan 2021|8|16|42|44|47|6|7|71712110
Tuesday 19th Jan 2021|25|27|31|35|43|5|6|60310182
Friday 15th Jan 2021|4|10|27|38|40|3|11|50129756
Tuesday 12th Jan 2021|2|10|18|34|35|6|9|37176013
Friday 8th Jan 2021|18|23|37|41|42|4|6|27784790
Tuesday 5th Jan 2021|12|34|37|38|42|1|3|15352700
Friday 1st Jan 2021|16|28|32|44|48|1|9|10
Friday 19th Aug 2022|2|9|13|19|38|2|6|66099798
Tuesday 16th Aug 2022|10|14|25|32|39|7|8|55133982
Friday 12th Aug 2022|14|17|34|35|42|6|10|46494644
Tuesday 9th Aug 2022|18|19|21|27|47|5|11|34583514
Friday 5th Aug 2022|3|29|33|35|44|8|10|25623593
Tuesday 2nd Aug 2022|7|18|28|40|48|8|11|14220500
Friday 29th Jul 2022|3|23|38|43|48|3|8|35051148
Tuesday 26th Jul 2022|3|5|17|25|27|1|9|23142411
Friday 22nd Jul 2022|16|18|29|32|50|4|11|22
Tuesday 19th Jul 2022|6|23|27|40|41|2|12|195707000
Friday 15th Jul 2022|9|17|29|38|39|7|10|195546000
Tuesday 12th Jul 2022|14|18|24|25|50|6|11|194189000
Friday 8th Jul 2022|28|31|35|43|46|4|7|194810000
Tuesday 5th Jul 2022|7|10|25|45|48|3|6|185077898
Friday 1st Jul 2022|6|18|24|34|46|3|12|169466829
Tuesday 28th Jun 2022|10|35|42|47|48|2|11|152102048
Friday 24th Jun 2022|10|17|28|44|50|8|12|138565344
Tuesday 21st Jun 2022|6|23|36|39|47|8|10|123428111
Friday 17th Jun 2022|19|21|22|31|38|7|11|111761000
Tuesday 14th Jun 2022|2|7|27|34|40|3|11|14824000
Friday 10th Jun 2022|17|26|36|37|40|9|12|54957242.50
Tuesday 7th Jun 2022|6|16|17|25|31|2|6|42921837
Friday 3rd Jun 2022|12|28|29|34|48|9|11|34490264
Tuesday 31st May 2022|3|10|13|42|49|3|9|22894587
Friday 27th May 2022|15|23|28|34|48|3|5|14456800
Tuesday 24th May 2022|10|13|27|36|37|2|10|43463036
Friday 20th May 2022|8|22|23|32|50|3|9|34161724
Tuesday 17th May 2022|5|28|30|48|49|5|11|22703208
Friday 13th May 2022|3|11|17|45|48|4|8|14463600
Tuesday 10th May 2022|3|25|27|28|29|4|9|184262899.10
Friday 6th May 2022|3|8|18|24|40|3|11|167246203
Tuesday 3rd May 2022|8|20|26|47|48|3|8|146807728
Friday 29th Apr 2022|10|11|20|36|37|3|7|133283578
Tuesday 26th Apr 2022|4|25|28|34|45|8|11|117647597
Friday 22nd Apr 2022|6|11|21|35|36|1|9|105610620
Tuesday 19th Apr 2022|2|12|17|28|46|6|10|91127452
Friday 15th Apr 2022|6|24|30|32|48|5|6|82217272
Tuesday 12th Apr 2022|21|30|31|35|47|2|10|72305405
Friday 8th Apr 2022|1|15|16|38|45|4|11|64389965
Tuesday 5th Apr 2022|1|11|13|24|49|5|6|54201384
Friday 1st Apr 2022|2|7|21|31|45|4|10|45807063
Tuesday 29th Mar 2022|8|11|33|42|43|6|11|34147332
Friday 25th Mar 2022|6|10|24|27|29|5|12|10
Tuesday 22nd Mar 2022|7|17|21|29|40|8|11|14152500
Friday 18th Mar 2022|1|9|14|17|43|6|12|44997255
Tuesday 15th Mar 2022|1|2|12|19|26|2|8|33625791
Friday 11th Mar 2022|12|19|22|23|48|2|6|25219181
Tuesday 8th Mar 2022|12|18|21|25|31|2|9|14154200
Friday 4th Mar 2022|6|20|40|42|43|10|12|64890075
Tuesday 1st Mar 2022|8|24|26|39|42|3|5|55075675
Friday 25th Feb 2022|10|13|24|30|42|1|5|46332113
Tuesday 22nd Feb 2022|5|9|14|26|32|3|7|34210472
Friday 18th Feb 2022|25|38|41|43|50|6|10|25336094
Tuesday 15th Feb 2022|9|20|31|33|44|2|12|14281700
Friday 11th Feb 2022|13|18|38|42|45|7|11|25905357
Tuesday 8th Feb 2022|6|20|34|37|43|7|10|14339500
Friday 4th Feb 2022|3|25|38|43|49|3|7|109915000
Tuesday 1st Feb 2022|1|19|36|38|49|6|9|52442757
Friday 28th Jan 2022|10|25|29|34|45|9|10|42779117
Tuesday 25th Jan 2022|6|16|18|39|47|2|4|30632619
Friday 21st Jan 2022|5|14|35|36|39|7|12|100
Tuesday 18th Jan 2022|3|12|19|24|30|2|5|56246458
Friday 14th Jan 2022|6|17|25|31|46|9|12|46600782
Tuesday 11th Jan 2022|4|23|32|33|44|9|12|34392715
Friday 7th Jan 2022|2|14|37|44|50|7|11|25451971
Tuesday 4th Jan 2022|18|28|35|36|41|6|11|14189900
